created_at,id,id_str,text,full_text,truncated,entities,source,in_reply_to_status_id,in_reply_to_status_id_str,in_reply_to_user_id,in_reply_to_user_id_str,in_reply_to_screen_name,geo,coordinates,place,contributors,is_quote_status,retweet_count,favorite_count,favorited,favorited_by,retweeted,scopes,lang,possibly_sensitive,display_text_width,display_text_range,retweeted_status,quoted_status,quoted_status_id,quoted_status_id_str,quoted_status_permalink,quote_count,timestamp_ms,reply_count,filter_level,metadata,query,withheld_scope,withheld_copyright,withheld_in_countries,possibly_sensitive_appealable
2023-01-30T19:50:51Z,162014754835388e4,1620147548353880064,"El #EstadioBancoGuayaquil fue la sede de la final de la 2da ediciÃ³n de la @SuperligaEst âš½ï¸, el torneo Intercolegial mÃ¡s grande de ğŸ‡ªğŸ‡¨.
Felicitamos al Instituto Nacional MejÃ­a campeÃ³n de la SLE! https://t.co/LYyxuTFVNq","El #EstadioBancoGuayaquil fue la sede de la final de la 2da ediciÃ³n de la @SuperligaEst âš½ï¸, el torneo Intercolegial mÃ¡s grande de ğŸ‡ªğŸ‡¨.
Felicitamos al Instituto Nacional MejÃ­a campeÃ³n de la SLE! https://t.co/LYyxuTFVNq",FALSE,,"<a href=""https://mobile.twitter.com"" rel=""nofollow"">Twitter Web App</a>",NA,NA,NA,NA,NA,,,,NA,FALSE,11,44,FALSE,NA,FALSE,NA,es,FALSE,NA,192,NA,,NA,NA,,NA,NA,NA,NA,NA,NA,NA,NA,NA,NA
2023-01-29T23:56:17Z,1619846926815617e3,1619846926815617024,"ğŸ•º1ï¸âƒ£ - 2ï¸âƒ£ - 3ï¸âƒ£  ğŸ•º Nos Vemos el 3 
ğŸ•º 1ï¸âƒ£ - 2ï¸âƒ£ - 3ï¸âƒ£  ğŸ«¶
#IDVFanFest https://t.co/05Ny8yGfQM","ğŸ•º1ï¸âƒ£ - 2ï¸âƒ£ - 3ï¸âƒ£  ğŸ•º Nos Vemos el 3 
ğŸ•º 1ï¸âƒ£ - 2ï¸âƒ£ - 3ï¸âƒ£  ğŸ«¶
#IDVFanFest https://t.co/05Ny8yGfQM",FALSE,,"<a href=""http://twitter.com/download/iphone"" rel=""nofollow"">Twitter for iPhone</a>",NA,NA,NA,NA,NA,,,,NA,FALSE,5,64,FALSE,NA,FALSE,NA,en,FALSE,NA,68,NA,,NA,NA,,NA,NA,NA,NA,NA,NA,NA,NA,NA,NA
2023-01-29T20:33:54Z,1619795996711751700,1619795996711751681,@PolSebitas @pressouthec 3/2/23 https://t.co/2miNtk4lUC,@PolSebitas @pressouthec 3/2/23 https://t.co/2miNtk4lUC,FALSE,,"<a href=""http://twitter.com/download/iphone"" rel=""nofollow"">Twitter for iPhone</a>",1619780783044202500,1619780783044202496,1163651044699705300,1163651044699705344,PolSebitas,,,,NA,FALSE,0,2,FALSE,NA,FALSE,NA,und,FALSE,NA,31,NA,,NA,NA,,NA,NA,NA,NA,NA,NA,NA,NA,NA,NA
2023-01-29T01:34:02Z,1619509139071443e3,1619509139071442944,Juuuuusssstiiiiinnnnnn  ğŸ«¶ğŸ’™ğŸ‡ªğŸ‡¨ğŸ–¤ https://t.co/uv5VbXRdhk,Juuuuusssstiiiiinnnnnn  ğŸ«¶ğŸ’™ğŸ‡ªğŸ‡¨ğŸ–¤ https://t.co/uv5VbXRdhk,FALSE,,"<a href=""http://twitter.com/download/iphone"" rel=""nofollow"">Twitter for iPhone</a>",NA,NA,NA,NA,NA,,,,NA,FALSE,18,267,FALSE,NA,FALSE,NA,en,FALSE,NA,53,NA,,NA,NA,,NA,NA,NA,NA,NA,NA,NA,NA,NA,NA
2023-01-28T22:21:19Z,1619460641928118300,1619460641928118273,"No me llamen ğŸ“, voy a ver a la @LaTri ğŸ‡ªğŸ‡¨ https://t.co/P4Ioy55QPo","No me llamen ğŸ“, voy a ver a la @LaTri ğŸ‡ªğŸ‡¨ https://t.co/P4Ioy55QPo",FALSE,,"<a href=""http://twitter.com/download/iphone"" rel=""nofollow"">Twitter for iPhone</a>",NA,NA,NA,NA,NA,,,,NA,FALSE,3,72,FALSE,NA,FALSE,NA,es,FALSE,NA,40,NA,,NA,NA,,NA,NA,NA,NA,NA,NA,NA,NA,NA,NA
2023-01-28T16:26:11Z,1619371270155677700,1619371270155677696,"Entrenadito y sin stress nos vemos el 
3 ğŸ˜‰. 
#IDVFanFest 23â€™ ğŸ«¶ğŸ–¤ğŸ’™
Compra tu Abono y no te pierdas nada 

https://t.co/TXfQeY3dHB https://t.co/zrJMTSjgpN","Entrenadito y sin stress nos vemos el 
3 ğŸ˜‰. 
#IDVFanFest 23â€™ ğŸ«¶ğŸ–¤ğŸ’™
Compra tu Abono y no te pierdas nada 

https://t.co/TXfQeY3dHB https://t.co/zrJMTSjgpN",FALSE,,"<a href=""http://twitter.com/download/iphone"" rel=""nofollow"">Twitter for iPhone</a>",NA,NA,NA,NA,NA,,,,NA,FALSE,3,40,FALSE,NA,FALSE,NA,es,FALSE,NA,127,NA,,NA,NA,,NA,NA,NA,NA,NA,NA,NA,NA,NA,NA
2023-01-28T15:50:05Z,1619362184752169e3,1619362184752168961,"Esta esta buena, como para que twitter haga lo suyo empiezo yo â€¦ https://t.co/GQoR3Kod4Y","Esta esta buena, como para que twitter haga lo suyo empiezo yo â€¦ https://t.co/GQoR3Kod4Y",FALSE,,"<a href=""http://twitter.com/download/iphone"" rel=""nofollow"">Twitter for iPhone</a>",NA,NA,NA,NA,NA,,,,NA,FALSE,31,714,FALSE,NA,FALSE,NA,es,FALSE,NA,64,NA,,NA,NA,,NA,NA,NA,NA,NA,NA,NA,NA,NA,NA
2023-01-28T15:34:21Z,1619358224976838700,1619358224976838659,"âš½ï¸ğŸƒâ€â™‚ï¸ğŸ’™ğŸ–¤ğŸ¡â˜€ï¸
@pressouthec https://t.co/UXNPpacs89","âš½ï¸ğŸƒâ€â™‚ï¸ğŸ’™ğŸ–¤ğŸ¡â˜€ï¸
@pressouthec https://t.co/UXNPpacs89",FALSE,,"<a href=""http://twitter.com/download/iphone"" rel=""nofollow"">Twitter for iPhone</a>",NA,NA,NA,NA,NA,,,,NA,FALSE,1,32,FALSE,NA,FALSE,NA,und,FALSE,NA,24,NA,,NA,NA,,NA,NA,NA,NA,NA,NA,NA,NA,NA,NA
2023-01-28T15:21:42Z,1619355038652207e3,1619355038652207105,"Buenas ğŸ˜‰ Buenas ğŸ¥³ğŸ‚
Empieza el entrenamiento â˜€ï¸ğŸ¡
#EstadioBancoGuayaquil https://t.co/hvp9td0ixI","Buenas ğŸ˜‰ Buenas ğŸ¥³ğŸ‚
Empieza el entrenamiento â˜€ï¸ğŸ¡
#EstadioBancoGuayaquil https://t.co/hvp9td0ixI",FALSE,,"<a href=""http://twitter.com/download/iphone"" rel=""nofollow"">Twitter for iPhone</a>",NA,NA,NA,NA,NA,,,,NA,FALSE,1,40,FALSE,NA,FALSE,NA,es,FALSE,NA,70,NA,,NA,NA,,NA,NA,NA,NA,NA,NA,NA,NA,NA,NA
2023-01-28T13:51:43Z,1619332394603147300,1619332394603147264,"ğŸ‚ Feliz CumpleaÃ±os JR. ğŸ¦Š1ï¸âƒ£0ï¸âƒ£Â®ï¸  ğŸ¥³ 
ğŸ‘‡ EnvÃ­ale un gran saludo ğŸ‘‡
@JuniorSornoza https://t.co/G80MqFUqsk","ğŸ‚ Feliz CumpleaÃ±os JR. ğŸ¦Š1ï¸âƒ£0ï¸âƒ£Â®ï¸  ğŸ¥³ 
ğŸ‘‡ EnvÃ­ale un gran saludo ğŸ‘‡
@JuniorSornoza https://t.co/G80MqFUqsk",FALSE,,"<a href=""http://twitter.com/download/iphone"" rel=""nofollow"">Twitter for iPhone</a>",NA,NA,NA,NA,NA,,,,NA,FALSE,10,198,FALSE,NA,FALSE,NA,es,FALSE,NA,78,NA,,NA,NA,,NA,NA,NA,NA,NA,NA,NA,NA,NA,NA
2023-01-28T01:33:49Z,1619146696784756700,1619146696784756736,Una plaquita para el complejo ğŸ˜‰ğŸ«¶ https://t.co/ONgDKB1PrD,Una plaquita para el complejo ğŸ˜‰ğŸ«¶ https://t.co/ONgDKB1PrD,FALSE,,"<a href=""http://twitter.com/download/iphone"" rel=""nofollow"">Twitter for iPhone</a>",NA,NA,NA,NA,NA,,,,NA,FALSE,5,114,FALSE,NA,FALSE,NA,es,FALSE,NA,32,NA,,NA,NA,,NA,NA,NA,NA,NA,NA,NA,NA,NA,NA
2023-01-28T01:23:59Z,1619144221537235e3,1619144221537234944,PremiaciÃ³n al jugador destacado torneos Conmebol #SesionSolemneAFNA Tio Pelle ğŸ˜‰ https://t.co/EuXZlcKCil,PremiaciÃ³n al jugador destacado torneos Conmebol #SesionSolemneAFNA Tio Pelle ğŸ˜‰ https://t.co/EuXZlcKCil,FALSE,,"<a href=""http://twitter.com/download/iphone"" rel=""nofollow"">Twitter for iPhone</a>",NA,NA,NA,NA,NA,,,,NA,FALSE,4,84,FALSE,NA,FALSE,NA,es,FALSE,NA,79,NA,,NA,NA,,NA,NA,NA,NA,NA,NA,NA,NA,NA,NA
2023-01-28T01:21:39Z,1619143633621622800,1619143633621622784,PremiaciÃ³n al jugador destacado @LigaProEC #SesionSolemneAFNA @JuniorSornoza https://t.co/D6c6sCtQPY,PremiaciÃ³n al jugador destacado @LigaProEC #SesionSolemneAFNA @JuniorSornoza https://t.co/D6c6sCtQPY,FALSE,,"<a href=""http://twitter.com/download/iphone"" rel=""nofollow"">Twitter for iPhone</a>",NA,NA,NA,NA,NA,,,,NA,FALSE,3,52,FALSE,NA,FALSE,NA,es,FALSE,NA,76,NA,,NA,NA,,NA,NA,NA,NA,NA,NA,NA,NA,NA,NA
2023-01-28T01:17:09Z,1619142503814549500,1619142503814549504,Gracias @afna por el reconocimiento en la #SesionSolemneAFNA #IDV CampeÃ³n @Sudamericana y @CopaEcuador https://t.co/iFsoRHIcQ4,Gracias @afna por el reconocimiento en la #SesionSolemneAFNA #IDV CampeÃ³n @Sudamericana y @CopaEcuador https://t.co/iFsoRHIcQ4,FALSE,,"<a href=""http://twitter.com/download/iphone"" rel=""nofollow"">Twitter for iPhone</a>",NA,NA,NA,NA,NA,,,,NA,FALSE,3,39,FALSE,NA,FALSE,NA,es,FALSE,NA,102,NA,,NA,NA,,NA,NA,NA,NA,NA,NA,NA,NA,NA,NA
2023-01-28T01:13:44Z,1619141641721507800,1619141641721507843,"Estamos en la #SesionSolemneAFNA para la premiaciÃ³n a nuestras formativas ğŸ«¶ğŸ»âš½ï¸
Sub 13 ğŸ¥‡
Sub 15 ğŸ¥‡ 
Sub 17 ğŸ¥‡ 
Sub 19 ğŸ¥‡
@AFNAPichincha https://t.co/SPVFEwK3F8","Estamos en la #SesionSolemneAFNA para la premiaciÃ³n a nuestras formativas ğŸ«¶ğŸ»âš½ï¸
Sub 13 ğŸ¥‡
Sub 15 ğŸ¥‡ 
Sub 17 ğŸ¥‡ 
Sub 19 ğŸ¥‡
@AFNAPichincha https://t.co/SPVFEwK3F8",FALSE,,"<a href=""http://twitter.com/download/iphone"" rel=""nofollow"">Twitter for iPhone</a>",NA,NA,NA,NA,NA,,,,NA,FALSE,4,33,FALSE,NA,FALSE,NA,es,FALSE,NA,131,NA,,NA,NA,,NA,NA,NA,NA,NA,NA,NA,NA,NA,NA
2023-01-27T18:39:50Z,1619042512836104200,1619042512836104192,"âœï¸Reserva la FechağŸ—“ï¸ 3.2.23
Tenemos una cita ğŸ«¶ğŸ˜‰
#IDVFanFest #UnClubDiferente https://t.co/tXFcjm9PvP","âœï¸Reserva la FechağŸ—“ï¸ 3.2.23
Tenemos una cita ğŸ«¶ğŸ˜‰
#IDVFanFest #UnClubDiferente https://t.co/tXFcjm9PvP",FALSE,,"<a href=""http://twitter.com/download/iphone"" rel=""nofollow"">Twitter for iPhone</a>",NA,NA,NA,NA,NA,,,,NA,FALSE,11,76,FALSE,NA,FALSE,NA,es,FALSE,NA,76,NA,,NA,NA,,NA,NA,NA,NA,NA,NA,NA,NA,NA,NA
2023-01-26T21:03:49Z,1618716362649780200,1618716362649780225,Hoy juega la @LaTri !!!! Por la clasificaciÃ³n âœ…ğŸ‡ªğŸ‡¨ https://t.co/IOkhclvhCO,Hoy juega la @LaTri !!!! Por la clasificaciÃ³n âœ…ğŸ‡ªğŸ‡¨ https://t.co/IOkhclvhCO,FALSE,,"<a href=""http://twitter.com/download/iphone"" rel=""nofollow"">Twitter for iPhone</a>",NA,NA,NA,NA,NA,,,,NA,FALSE,10,112,FALSE,NA,FALSE,NA,es,FALSE,NA,49,NA,,NA,NA,,NA,NA,NA,NA,NA,NA,NA,NA,NA,NA
2023-01-25T16:49:16Z,1618289913430167600,1618289913430167553,Suena el silbato ğŸ«µ y empezÃ³ la prÃ¡ctica âš½ï¸ğŸƒâ€â™‚ï¸âœ… https://t.co/xCcmi0jCoa,Suena el silbato ğŸ«µ y empezÃ³ la prÃ¡ctica âš½ï¸ğŸƒâ€â™‚ï¸âœ… https://t.co/xCcmi0jCoa,FALSE,,"<a href=""http://twitter.com/download/iphone"" rel=""nofollow"">Twitter for iPhone</a>",NA,NA,NA,NA,NA,,,,NA,FALSE,6,48,FALSE,NA,FALSE,NA,es,FALSE,NA,47,NA,,NA,NA,,NA,NA,NA,NA,NA,NA,NA,NA,NA,NA
2023-01-25T15:30:11Z,1618270012049092600,1618270012049092608,"SUB 13 | Conmebol EvoluciÃ³n Octavos de Final #IDV ğŸ†š LDU 

https://t.co/SXiBDXozF4","SUB 13 | Conmebol EvoluciÃ³n Octavos de Final #IDV ğŸ†š LDU 

https://t.co/SXiBDXozF4",FALSE,,"<a href=""http://twitter.com/download/iphone"" rel=""nofollow"">Twitter for iPhone</a>",NA,NA,NA,NA,NA,,,,NA,FALSE,2,12,FALSE,NA,FALSE,NA,es,FALSE,NA,81,NA,,NA,NA,,NA,NA,NA,NA,NA,NA,NA,NA,NA,NA
2023-01-25T14:55:51Z,1618261372529434600,1618261372529434624,"Se viene la @LigaProEC y asÃ­ serÃ¡n nuestras 3 primeras fechas:
#IDV ğŸ†š @ClubMushucRuna1 
@Cumbaya_Oficial ğŸ†š #IDV 
#IDV ğŸ†š @BarcelonaSC 

AbÃ³nate y vive la Experiencia #IDV 
ğŸ‘ŠğŸ˜ Tribuna 9âƒ£9âƒ£âºï¸9âƒ£9âƒ£
ğŸ’» https://t.co/O6naQY3kYz https://t.co/xtE62OGSsh","Se viene la @LigaProEC y asÃ­ serÃ¡n nuestras 3 primeras fechas:
#IDV ğŸ†š @ClubMushucRuna1 
@Cumbaya_Oficial ğŸ†š #IDV 
#IDV ğŸ†š @BarcelonaSC 

AbÃ³nate y vive la Experiencia #IDV 
ğŸ‘ŠğŸ˜ Tribuna 9âƒ£9âƒ£âºï¸9âƒ£9âƒ£
ğŸ’» https://t.co/O6naQY3kYz https://t.co/xtE62OGSsh",FALSE,,"<a href=""https://mobile.twitter.com"" rel=""nofollow"">Twitter Web App</a>",NA,NA,NA,NA,NA,,,,NA,FALSE,5,46,FALSE,NA,FALSE,NA,es,FALSE,NA,218,NA,,NA,NA,,NA,NA,NA,NA,NA,NA,NA,NA,NA,NA
2023-01-24T14:52:55Z,1617898246587973600,1617898246587973635,"ğŸš¨PrepÃ¡rate para lo que se viene en casa ğŸ¡ 

Adquiere tu abono y Vive el #IDV Fan Club #IDVFC
â¡ï¸ 15 Partidos @LigaProEC 
â¡ï¸ 3 Partidos @Libertadores 
ğŸ… 1 @ConmebolRecopa 
ğŸ¸ Beneficios Exclusivos ğŸ”
 
ğŸ‘ŠğŸ˜ Tribuna 9âƒ£9âƒ£âºï¸9âƒ£9âƒ£
ğŸ’» https://t.co/iqCTpeChYQâ€¦ https://t.co/2zByXOXpmJ","ğŸš¨PrepÃ¡rate para lo que se viene en casa ğŸ¡ 

Adquiere tu abono y Vive el #IDV Fan Club #IDVFC
â¡ï¸ 15 Partidos @LigaProEC 
â¡ï¸ 3 Partidos @Libertadores 
ğŸ… 1 @ConmebolRecopa 
ğŸ¸ Beneficios Exclusivos ğŸ”
 
ğŸ‘ŠğŸ˜ Tribuna 9âƒ£9âƒ£âºï¸9âƒ£9âƒ£
ğŸ’» https://t.co/iqCTpeChYQâ€¦ https://t.co/2zByXOXpmJ",FALSE,,"<a href=""http://twitter.com/download/iphone"" rel=""nofollow"">Twitter for iPhone</a>",NA,NA,NA,NA,NA,,,,NA,FALSE,9,77,FALSE,NA,FALSE,NA,es,FALSE,NA,246,NA,,NA,NA,,NA,NA,NA,NA,NA,NA,NA,NA,NA,NA
2023-01-23T21:10:18Z,1617630830909849600,1617630830909849601,"Pronta recuperaciÃ³n Patita ğŸ«¶ğŸ’™ğŸ–¤, volverÃ¡s mÃ¡s fuerte ğŸ’ª https://t.co/QeXs4GK82h","Pronta recuperaciÃ³n Patita ğŸ«¶ğŸ’™ğŸ–¤, volverÃ¡s mÃ¡s fuerte ğŸ’ª https://t.co/QeXs4GK82h",FALSE,,"<a href=""https://mobile.twitter.com"" rel=""nofollow"">Twitter Web App</a>",NA,NA,NA,NA,NA,,,,NA,FALSE,7,94,FALSE,NA,FALSE,NA,es,FALSE,NA,53,NA,,NA,NA,,NA,NA,NA,NA,NA,NA,NA,NA,NA,NA
2023-01-23T20:31:46Z,1617621130369708e3,1617621130369708032,Fuerza Patita ğŸ«¶ğŸ–¤ğŸ’™ https://t.co/HLwHAm7ly6,Fuerza Patita ğŸ«¶ğŸ–¤ğŸ’™ https://t.co/HLwHAm7ly6,FALSE,,"<a href=""http://twitter.com/download/iphone"" rel=""nofollow"">Twitter for iPhone</a>",NA,NA,NA,NA,NA,,,,NA,TRUE,8,80,FALSE,NA,FALSE,NA,es,FALSE,NA,17,NA,,1617620812168630300,1617620812168630303,,NA,NA,NA,NA,NA,NA,NA,NA,NA,NA
2023-01-23T15:45:21Z,1617549052350197800,1617549052350197761,"ğŸ‚ Feliz CumpleaÃ±os Jeampaul  ğŸ¥³ 
ğŸ‘‡ EnvÃ­ale un gran saludo ğŸ‘‡ https://t.co/JH7iHdi3SO","ğŸ‚ Feliz CumpleaÃ±os Jeampaul  ğŸ¥³ 
ğŸ‘‡ EnvÃ­ale un gran saludo ğŸ‘‡ https://t.co/JH7iHdi3SO",FALSE,,"<a href=""https://mobile.twitter.com"" rel=""nofollow"">Twitter Web App</a>",NA,NA,NA,NA,NA,,,,NA,FALSE,8,96,FALSE,NA,FALSE,NA,es,FALSE,NA,58,NA,,NA,NA,,NA,NA,NA,NA,NA,NA,NA,NA,NA,NA
2023-01-22T23:20:42Z,1617301258670325800,1617301258670325760,"Ratitoâ€¦.. Presente ğŸ™‹â€â™‚ï¸ğŸ‡ªğŸ‡¨âš½ï¸
ğŸ“¸ @LaTri https://t.co/TA2z4lbLd4","Ratitoâ€¦.. Presente ğŸ™‹â€â™‚ï¸ğŸ‡ªğŸ‡¨âš½ï¸
ğŸ“¸ @LaTri https://t.co/TA2z4lbLd4",FALSE,,"<a href=""http://twitter.com/download/iphone"" rel=""nofollow"">Twitter for iPhone</a>",NA,NA,NA,NA,NA,,,,NA,FALSE,22,384,FALSE,NA,FALSE,NA,it,FALSE,NA,36,NA,,NA,NA,,NA,NA,NA,NA,NA,NA,NA,NA,NA,NA
2023-01-22T22:53:27Z,1617294400660332500,1617294400660332544,"Garis Mina âš½ï¸ğŸ¥…ğŸ«¶ğŸ‡ªğŸ‡¨
 https://t.co/kjhYpnkljr","Garis Mina âš½ï¸ğŸ¥…ğŸ«¶ğŸ‡ªğŸ‡¨
 https://t.co/kjhYpnkljr",FALSE,,"<a href=""http://twitter.com/download/iphone"" rel=""nofollow"">Twitter for iPhone</a>",NA,NA,NA,NA,NA,,,,NA,FALSE,9,168,FALSE,NA,FALSE,NA,pt,FALSE,NA,42,NA,,NA,NA,,NA,NA,NA,NA,NA,NA,NA,NA,NA,NA
2023-01-22T22:49:13Z,1617293334577291300,1617293334577291265,Gaaaaaaaaaaalllllllllllll perdÃ³n Gaaaaarrriiiisssssss https://t.co/uiBgjGJaW4,Gaaaaaaaaaaalllllllllllll perdÃ³n Gaaaaarrriiiisssssss https://t.co/uiBgjGJaW4,FALSE,,"<a href=""http://twitter.com/download/iphone"" rel=""nofollow"">Twitter for iPhone</a>",NA,NA,NA,NA,NA,,,,NA,FALSE,3,48,FALSE,NA,FALSE,NA,es,FALSE,NA,53,NA,,NA,NA,,NA,NA,NA,NA,NA,NA,NA,NA,NA,NA
2023-01-22T17:25:25Z,1617211849069531100,1617211849069531136,ğŸ‘‰ğŸ‡ªğŸ‡¨ğŸ‘ˆ Hoy Juega la @LaTri ğŸ«¶ https://t.co/4nF7gr2EOw,ğŸ‘‰ğŸ‡ªğŸ‡¨ğŸ‘ˆ Hoy Juega la @LaTri ğŸ«¶ https://t.co/4nF7gr2EOw,FALSE,,"<a href=""http://twitter.com/download/iphone"" rel=""nofollow"">Twitter for iPhone</a>",NA,NA,NA,NA,NA,,,,NA,FALSE,14,140,FALSE,NA,FALSE,NA,es,FALSE,NA,26,NA,,NA,NA,,NA,NA,NA,NA,NA,NA,NA,NA,NA,NA
2023-01-22T01:58:00Z,1616978456256073700,1616978456256073728,PRIMERA l Final ST â±ï¸ #LaNocheDelLeon Estudiantes 2  #IDV 0 https://t.co/iWPUNBPTWP,PRIMERA l Final ST â±ï¸ #LaNocheDelLeon Estudiantes 2  #IDV 0 https://t.co/iWPUNBPTWP,FALSE,,"<a href=""http://twitter.com/download/iphone"" rel=""nofollow"">Twitter for iPhone</a>",NA,NA,NA,NA,NA,,,,NA,FALSE,3,59,FALSE,NA,FALSE,NA,ca,FALSE,NA,59,NA,,NA,NA,,NA,NA,NA,NA,NA,NA,NA,NA,NA,NA
2023-01-22T01:50:56Z,1616976675429908500,1616976675429908480,PRIMERA l 85â€™ ST â±ï¸ #LaNocheDelLeon Estudiantes 2  #IDV 0 https://t.co/RgwVfJ2TO8,PRIMERA l 85â€™ ST â±ï¸ #LaNocheDelLeon Estudiantes 2  #IDV 0 https://t.co/RgwVfJ2TO8,FALSE,,"<a href=""http://twitter.com/download/iphone"" rel=""nofollow"">Twitter for iPhone</a>",NA,NA,NA,NA,NA,,,,NA,FALSE,1,44,FALSE,NA,FALSE,NA,ca,FALSE,NA,57,NA,,NA,NA,,NA,NA,NA,NA,NA,NA,NA,NA,NA,NA
2023-01-22T01:42:16Z,1616974496673550300,1616974496673550337,PRIMERA l 80â€™ ST â±ï¸ #LaNocheDelLeon Estudiantes 2  #IDV 0 https://t.co/uMlUUN9ZOj,PRIMERA l 80â€™ ST â±ï¸ #LaNocheDelLeon Estudiantes 2  #IDV 0 https://t.co/uMlUUN9ZOj,FALSE,,"<a href=""http://twitter.com/download/iphone"" rel=""nofollow"">Twitter for iPhone</a>",NA,NA,NA,NA,NA,,,,NA,FALSE,1,80,FALSE,NA,FALSE,NA,ca,FALSE,NA,57,NA,,NA,NA,,NA,NA,NA,NA,NA,NA,NA,NA,NA,NA
2023-01-22T01:37:28Z,1616973288806436900,1616973288806436865,PRIMERA l 72â€™ ST â±ï¸ #LaNocheDelLeon Estudiantes 2  #IDV 0 https://t.co/USfL0BMmLX,PRIMERA l 72â€™ ST â±ï¸ #LaNocheDelLeon Estudiantes 2  #IDV 0 https://t.co/USfL0BMmLX,FALSE,,"<a href=""http://twitter.com/download/iphone"" rel=""nofollow"">Twitter for iPhone</a>",NA,NA,NA,NA,NA,,,,NA,FALSE,1,21,FALSE,NA,FALSE,NA,ca,FALSE,NA,57,NA,,NA,NA,,NA,NA,NA,NA,NA,NA,NA,NA,NA,NA
2023-01-22T01:26:34Z,1616970545102307300,1616970545102307328,PRIMERA l 65â€™ ST â±ï¸ #LaNocheDelLeon Estudiantes 1 #IDV 0 https://t.co/x7gL9rdV2a,PRIMERA l 65â€™ ST â±ï¸ #LaNocheDelLeon Estudiantes 1 #IDV 0 https://t.co/x7gL9rdV2a,FALSE,,"<a href=""http://twitter.com/download/iphone"" rel=""nofollow"">Twitter for iPhone</a>",NA,NA,NA,NA,NA,,,,NA,FALSE,0,17,FALSE,NA,FALSE,NA,ca,FALSE,NA,56,NA,,NA,NA,,NA,NA,NA,NA,NA,NA,NA,NA,NA,NA
2023-01-22T01:26:01Z,1616970408384659500,1616970408384659456,"Cambio #IDV 
â–¶ï¸Landazuri - RodrÃ­guez - Hoyos - Cortez 
â—€ï¸ DÃ­az - Basso - Sornoza - Caicedo https://t.co/7ctO2WO6Bz","Cambio #IDV 
â–¶ï¸Landazuri - RodrÃ­guez - Hoyos - Cortez 
â—€ï¸ DÃ­az - Basso - Sornoza - Caicedo https://t.co/7ctO2WO6Bz",FALSE,,"<a href=""http://twitter.com/download/iphone"" rel=""nofollow"">Twitter for iPhone</a>",NA,NA,NA,NA,NA,,,,NA,FALSE,0,9,FALSE,NA,FALSE,NA,es,FALSE,NA,90,NA,,NA,NA,,NA,NA,NA,NA,NA,NA,NA,NA,NA,NA
2023-01-22T01:20:23Z,1616968989896237e3,1616968989896237056,"Cambio #IDV 
â–¶ï¸ Previtalli - Ortiz 
â—€ï¸ Alcivar - Pellerano https://t.co/2yONyE9C3q","Cambio #IDV 
â–¶ï¸ Previtalli - Ortiz 
â—€ï¸ Alcivar - Pellerano https://t.co/2yONyE9C3q",FALSE,,"<a href=""http://twitter.com/download/iphone"" rel=""nofollow"">Twitter for iPhone</a>",NA,NA,NA,NA,NA,,,,NA,FALSE,0,14,FALSE,NA,FALSE,NA,it,FALSE,NA,58,NA,,NA,NA,,NA,NA,NA,NA,NA,NA,NA,NA,NA,NA
2023-01-22T01:15:53Z,1616967857568448500,1616967857568448513,PRIMERA l 55â€™ ST â±ï¸ #LaNocheDelLeon Estudiantes 1 #IDV 0 https://t.co/21fRUeusnj,PRIMERA l 55â€™ ST â±ï¸ #LaNocheDelLeon Estudiantes 1 #IDV 0 https://t.co/21fRUeusnj,FALSE,,"<a href=""http://twitter.com/download/iphone"" rel=""nofollow"">Twitter for iPhone</a>",NA,NA,NA,NA,NA,,,,NA,FALSE,1,29,FALSE,NA,FALSE,NA,ca,FALSE,NA,56,NA,,NA,NA,,NA,NA,NA,NA,NA,NA,NA,NA,NA,NA
2023-01-22T01:06:07Z,1616965399588884500,1616965399588884480,PRIMERA l Inicio ST â±ï¸ #LaNocheDelLeon Estudiantes 1 #IDV 0 https://t.co/LIh3qn3dme,PRIMERA l Inicio ST â±ï¸ #LaNocheDelLeon Estudiantes 1 #IDV 0 https://t.co/LIh3qn3dme,FALSE,,"<a href=""http://twitter.com/download/iphone"" rel=""nofollow"">Twitter for iPhone</a>",NA,NA,NA,NA,NA,,,,NA,FALSE,0,16,FALSE,NA,FALSE,NA,it,FALSE,NA,59,NA,,NA,NA,,NA,NA,NA,NA,NA,NA,NA,NA,NA,NA
2023-01-22T00:50:40Z,1616961512261787600,1616961512261787648,PRIMERA l Final PT â±ï¸ #LaNocheDelLeon Estudiantes 1 #IDV 0 https://t.co/hmklclJaGW,PRIMERA l Final PT â±ï¸ #LaNocheDelLeon Estudiantes 1 #IDV 0 https://t.co/hmklclJaGW,FALSE,,"<a href=""http://twitter.com/download/iphone"" rel=""nofollow"">Twitter for iPhone</a>",NA,NA,NA,NA,NA,,,,NA,FALSE,0,30,FALSE,NA,FALSE,NA,es,FALSE,NA,58,NA,,NA,NA,,NA,NA,NA,NA,NA,NA,NA,NA,NA,NA
2023-01-22T00:45:41Z,1616960255811780600,1616960255811780610,PRIMERA l 40â€™ PT â±ï¸ #LaNocheDelLeon Estudiantes 1 #IDV 0 https://t.co/ZilgTnwAh6,PRIMERA l 40â€™ PT â±ï¸ #LaNocheDelLeon Estudiantes 1 #IDV 0 https://t.co/ZilgTnwAh6,FALSE,,"<a href=""http://twitter.com/download/iphone"" rel=""nofollow"">Twitter for iPhone</a>",NA,NA,NA,NA,NA,,,,NA,FALSE,1,18,FALSE,NA,FALSE,NA,es,FALSE,NA,56,NA,,NA,NA,,NA,NA,NA,NA,NA,NA,NA,NA,NA,NA
2023-01-22T00:34:55Z,1616957545096089600,1616957545096089600,PRIMERA l 30â€™ PT â±ï¸ #LaNocheDelLeon Estudiantes 1 #IDV 0 https://t.co/amSmtDaXja,PRIMERA l 30â€™ PT â±ï¸ #LaNocheDelLeon Estudiantes 1 #IDV 0 https://t.co/amSmtDaXja,FALSE,,"<a href=""http://twitter.com/download/iphone"" rel=""nofollow"">Twitter for iPhone</a>",NA,NA,NA,NA,NA,,,,NA,FALSE,1,42,FALSE,NA,FALSE,NA,es,FALSE,NA,56,NA,,NA,NA,,NA,NA,NA,NA,NA,NA,NA,NA,NA,NA
2023-01-22T00:25:02Z,1616955060080214e3,1616955060080214017,PRIMERA l 20â€™ PT â±ï¸ #LaNocheDelLeon Estudiantes 1 #IDV 0 https://t.co/sedIjT8ql7,PRIMERA l 20â€™ PT â±ï¸ #LaNocheDelLeon Estudiantes 1 #IDV 0 https://t.co/sedIjT8ql7,FALSE,,"<a href=""http://twitter.com/download/iphone"" rel=""nofollow"">Twitter for iPhone</a>",NA,NA,NA,NA,NA,,,,NA,FALSE,0,52,FALSE,NA,FALSE,NA,es,FALSE,NA,56,NA,,NA,NA,,NA,NA,NA,NA,NA,NA,NA,NA,NA,NA
2023-01-22T00:16:08Z,1616952821022081e3,1616952821022081024,PRIMERA l 11â€™ PT â±ï¸ #LaNocheDelLeon Estudiantes 1 #IDV 0 https://t.co/mnwa4Zi37c,PRIMERA l 11â€™ PT â±ï¸ #LaNocheDelLeon Estudiantes 1 #IDV 0 https://t.co/mnwa4Zi37c,FALSE,,"<a href=""http://twitter.com/download/iphone"" rel=""nofollow"">Twitter for iPhone</a>",NA,NA,NA,NA,NA,,,,NA,FALSE,0,27,FALSE,NA,FALSE,NA,es,FALSE,NA,56,NA,,NA,NA,,NA,NA,NA,NA,NA,NA,NA,NA,NA,NA
2023-01-22T00:15:02Z,1616952544743534600,1616952544743534592,PRIMERA l 10â€™ PT â±ï¸ #LaNocheDelLeon Estudiantes 0 #IDV 0 https://t.co/MJFxtSASwV,PRIMERA l 10â€™ PT â±ï¸ #LaNocheDelLeon Estudiantes 0 #IDV 0 https://t.co/MJFxtSASwV,FALSE,,"<a href=""http://twitter.com/download/iphone"" rel=""nofollow"">Twitter for iPhone</a>",NA,NA,NA,NA,NA,,,,NA,FALSE,0,31,FALSE,NA,FALSE,NA,es,FALSE,NA,56,NA,,NA,NA,,NA,NA,NA,NA,NA,NA,NA,NA,NA,NA
2023-01-22T00:03:39Z,1616949677173227500,1616949677173227522,PRIMERA l Inicia PT â±ï¸ #LaNocheDelLeon Estudiantes 0 #IDV 0 https://t.co/hbsSSlLlnq,PRIMERA l Inicia PT â±ï¸ #LaNocheDelLeon Estudiantes 0 #IDV 0 https://t.co/hbsSSlLlnq,FALSE,,"<a href=""http://twitter.com/download/iphone"" rel=""nofollow"">Twitter for iPhone</a>",NA,NA,NA,NA,NA,,,,NA,FALSE,2,32,FALSE,NA,FALSE,NA,es,FALSE,NA,59,NA,,NA,NA,,NA,NA,NA,NA,NA,NA,NA,NA,NA,NA
2023-01-21T23:43:03Z,1616944495270178800,1616944495270178817,Gracias la invitaciÃ³n y la cordialidad  @EdelpOficial ğŸ¤ğŸ˜‰ que sea una linda fiesta https://t.co/n7jyXFZ0kP,Gracias la invitaciÃ³n y la cordialidad  @EdelpOficial ğŸ¤ğŸ˜‰ que sea una linda fiesta https://t.co/n7jyXFZ0kP,FALSE,,"<a href=""http://twitter.com/download/iphone"" rel=""nofollow"">Twitter for iPhone</a>",NA,NA,NA,NA,NA,,,,NA,FALSE,23,942,FALSE,NA,FALSE,NA,es,FALSE,NA,81,NA,,NA,NA,,NA,NA,NA,NA,NA,NA,NA,NA,NA,NA
2023-01-21T23:38:28Z,1616943341031022600,1616943341031022592,Hola ğŸ‘‹  @anto_v25 https://t.co/WHdhU76mho,Hola ğŸ‘‹  @anto_v25 https://t.co/WHdhU76mho,FALSE,,"<a href=""http://twitter.com/download/iphone"" rel=""nofollow"">Twitter for iPhone</a>",NA,NA,NA,NA,NA,,,,NA,FALSE,70,1363,FALSE,NA,FALSE,NA,es,FALSE,NA,17,NA,,NA,NA,,NA,NA,NA,NA,NA,NA,NA,NA,NA,NA
2023-01-21T23:18:09Z,1616938229214724e3,1616938229214724098,"Le metemos ritmo ğŸ¥ a la pretemporada ya de a poco , todos le estÃ¡n entrando a los pasos ğŸ•º https://t.co/xakXDaSGij","Le metemos ritmo ğŸ¥ a la pretemporada ya de a poco , todos le estÃ¡n entrando a los pasos ğŸ•º https://t.co/xakXDaSGij",FALSE,,"<a href=""http://twitter.com/download/iphone"" rel=""nofollow"">Twitter for iPhone</a>",NA,NA,NA,NA,NA,,,,NA,FALSE,9,114,FALSE,NA,FALSE,NA,es,FALSE,NA,89,NA,,NA,NA,,NA,NA,NA,NA,NA,NA,NA,NA,NA,NA
2023-01-21T23:14:54Z,1616937409853243400,1616937409853243392,"Llegamos ğŸ«¶ğŸ’™ğŸ–¤, ya estamos en la cancha ğŸŸ https://t.co/QeXuAslrcN","Llegamos ğŸ«¶ğŸ’™ğŸ–¤, ya estamos en la cancha ğŸŸ https://t.co/QeXuAslrcN",FALSE,,"<a href=""http://twitter.com/download/iphone"" rel=""nofollow"">Twitter for iPhone</a>",NA,NA,NA,NA,NA,,,,NA,FALSE,7,97,FALSE,NA,FALSE,NA,es,FALSE,NA,39,NA,,NA,NA,,NA,NA,NA,NA,NA,NA,NA,NA,NA,NA
2023-01-21T23:01:55Z,1616934141324304400,1616934141324304384,ğŸš¨ @BancoGuayaquil presenta:1âƒ£1âƒ£ ğŸ“AlineaciÃ³n #IDV âš½ğŸƒğŸ†š @EdelpOficial  #UnClubDiferente                                                                           Encuentra la camiseta oficial de Independiente Del Valle en https://t.co/3S5mXN16vc https://t.co/4UtsR8Dqq3,ğŸš¨ @BancoGuayaquil presenta:1âƒ£1âƒ£ ğŸ“AlineaciÃ³n #IDV âš½ğŸƒğŸ†š @EdelpOficial  #UnClubDiferente                                                                           Encuentra la camiseta oficial de Independiente Del Valle en https://t.co/3S5mXN16vc https://t.co/4UtsR8Dqq3,FALSE,,"<a href=""http://twitter.com/download/iphone"" rel=""nofollow"">Twitter for iPhone</a>",NA,NA,NA,NA,NA,,,,NA,FALSE,5,53,FALSE,NA,FALSE,NA,es,FALSE,NA,242,NA,,NA,NA,,NA,NA,NA,NA,NA,NA,NA,NA,NA,NA
2023-01-21T21:52:22Z,1616916641270333400,1616916641270333442,Nos vamos para el estadio ğŸŸ y con fotÃ³grafo nuevo ğŸ“¸ https://t.co/aPNd5zavC2 https://t.co/mND92TXCY7,Nos vamos para el estadio ğŸŸ y con fotÃ³grafo nuevo ğŸ“¸ https://t.co/aPNd5zavC2 https://t.co/mND92TXCY7,FALSE,,"<a href=""http://twitter.com/download/iphone"" rel=""nofollow"">Twitter for iPhone</a>",NA,NA,NA,NA,NA,,,,NA,FALSE,7,72,FALSE,NA,FALSE,NA,es,FALSE,NA,75,NA,,NA,NA,,NA,NA,NA,NA,NA,NA,NA,NA,NA,NA
2023-01-21T13:55:58Z,1616796750332973e3,1616796750332973057,"PrÃ³ximo PartidoğŸ‘‡
ğŸ—“ 21 de Enero 
âš½ @EdelpOficial ğŸ†š #IDV
ğŸ†  #LaNocheDelLeon  ğŸ®  
â° 19h00 ğŸ‡ªğŸ‡¨
ğŸŸ UNO https://t.co/O2NWR6BZlH","PrÃ³ximo PartidoğŸ‘‡
ğŸ—“ 21 de Enero 
âš½ @EdelpOficial ğŸ†š #IDV
ğŸ†  #LaNocheDelLeon  ğŸ®  
â° 19h00 ğŸ‡ªğŸ‡¨
ğŸŸ UNO https://t.co/O2NWR6BZlH",FALSE,,"<a href=""http://twitter.com/download/iphone"" rel=""nofollow"">Twitter for iPhone</a>",NA,NA,NA,NA,NA,,,,NA,FALSE,9,104,FALSE,NA,FALSE,NA,es,FALSE,NA,95,NA,,NA,NA,,NA,NA,NA,NA,NA,NA,NA,NA,NA,NA
2023-01-21T01:33:32Z,1616609910770307e3,1616609910770307073,"Juuuuusssstiiiiiiinnnnnnnn 9ï¸âƒ£
 https://t.co/p9ONAvhVUf","Juuuuusssstiiiiiiinnnnnnnn 9ï¸âƒ£
 https://t.co/p9ONAvhVUf",FALSE,,"<a href=""http://twitter.com/download/iphone"" rel=""nofollow"">Twitter for iPhone</a>",NA,NA,NA,NA,NA,,,,NA,FALSE,21,150,FALSE,NA,FALSE,NA,en,FALSE,NA,55,NA,,NA,NA,,NA,NA,NA,NA,NA,NA,NA,NA,NA,NA
2023-01-21T01:27:47Z,1616608464020578300,1616608464020578304,Goooooolllll âš½ï¸ğŸ¥… #JustinCuero ğŸ‡ªğŸ‡¨ https://t.co/CwChAF0U8d,Goooooolllll âš½ï¸ğŸ¥… #JustinCuero ğŸ‡ªğŸ‡¨ https://t.co/CwChAF0U8d,FALSE,,"<a href=""http://twitter.com/download/iphone"" rel=""nofollow"">Twitter for iPhone</a>",NA,NA,NA,NA,NA,,,,NA,FALSE,11,197,FALSE,NA,FALSE,NA,und,FALSE,NA,32,NA,,NA,NA,,NA,NA,NA,NA,NA,NA,NA,NA,NA,NA
2023-01-20T22:52:45Z,1616569447162183700,1616569447162183690,"El Lolo no pudo sacar su guitarra ğŸ¸por la â›ˆï¸ y sin ğŸ¸ no se metiÃ³ Rock ğŸ¼ and Rola y el Turco se nos enfrio ğŸ¥¶...ğŸ˜œ Si entendiste eres de los mÃ­os ğŸ¤ŸğŸ¼!!! #IdvOnTour #Argentina
.
.
PD. Nos Fuimos triste Mathi.ğŸ¥º https://t.co/s4sYJvpVca","El Lolo no pudo sacar su guitarra ğŸ¸por la â›ˆï¸ y sin ğŸ¸ no se metiÃ³ Rock ğŸ¼ and Rola y el Turco se nos enfrio ğŸ¥¶...ğŸ˜œ Si entendiste eres de los mÃ­os ğŸ¤ŸğŸ¼!!! #IdvOnTour #Argentina
.
.
PD. Nos Fuimos triste Mathi.ğŸ¥º https://t.co/s4sYJvpVca",FALSE,,"<a href=""http://twitter.com/download/iphone"" rel=""nofollow"">Twitter for iPhone</a>",NA,NA,NA,NA,NA,,,,NA,FALSE,3,51,FALSE,NA,FALSE,NA,es,FALSE,NA,204,NA,,NA,NA,,NA,NA,NA,NA,NA,NA,NA,NA,NA,NA
2023-01-20T21:18:37Z,1616545758257336300,1616545758257336328,"Â¿Confirmen con lluvia es ğŸ˜‰â˜”ï¸bonito jugar ?
#IDV On Tour ğŸ¸ğŸ‡¦ğŸ‡· https://t.co/yL93h3QNgC","Â¿Confirmen con lluvia es ğŸ˜‰â˜”ï¸bonito jugar ?
#IDV On Tour ğŸ¸ğŸ‡¦ğŸ‡· https://t.co/yL93h3QNgC",FALSE,,"<a href=""http://twitter.com/download/iphone"" rel=""nofollow"">Twitter for iPhone</a>",NA,NA,NA,NA,NA,,,,NA,FALSE,5,55,FALSE,NA,FALSE,NA,es,FALSE,NA,59,NA,,NA,NA,,NA,NA,NA,NA,NA,NA,NA,NA,NA,NA
2023-01-20T20:25:44Z,1616532451236388900,1616532451236388864,Agendado âœï¸ https://t.co/e6m2cJevy2,Agendado âœï¸ https://t.co/e6m2cJevy2,FALSE,,"<a href=""https://mobile.twitter.com"" rel=""nofollow"">Twitter Web App</a>",NA,NA,NA,NA,NA,,,,NA,TRUE,5,52,FALSE,NA,FALSE,NA,pt,FALSE,NA,11,NA,,1616525973809234e3,1616525973809233927,,NA,NA,NA,NA,NA,NA,NA,NA,NA,NA
2023-01-20T19:43:48Z,1.6165218970589921e+18,1616521897058992131,"Cosas que pasan:
ğŸ˜Jefe hoy tengo una reuniÃ³n importante, (ğŸ¤”ğŸ’­hoy empieza la defensa del tÃ­tulo ğŸ¥¸). ğŸ˜³Tengo que salir antes (ğŸ¤”ğŸ’­) 
Hoy Juega @LaTri ğŸ‡ªğŸ‡¨ https://t.co/dHavsFMwmy","Cosas que pasan:
ğŸ˜Jefe hoy tengo una reuniÃ³n importante, (ğŸ¤”ğŸ’­hoy empieza la defensa del tÃ­tulo ğŸ¥¸). ğŸ˜³Tengo que salir antes (ğŸ¤”ğŸ’­) 
Hoy Juega @LaTri ğŸ‡ªğŸ‡¨ https://t.co/dHavsFMwmy",FALSE,,"<a href=""https://mobile.twitter.com"" rel=""nofollow"">Twitter Web App</a>",NA,NA,NA,NA,NA,,,,NA,FALSE,14,156,FALSE,NA,FALSE,NA,es,FALSE,NA,146,NA,,NA,NA,,NA,NA,NA,NA,NA,NA,NA,NA,NA,NA
2023-01-20T14:45:18Z,1616446779112980500,1616446779112980481,"ğŸš¨ CONTENIDO DELICADO 
Vive el #IDV Fan Club #IDVFC
â¡ï¸ 15 Partidos @LigaProEC
â¡ï¸ 3 Partidos @Libertadores
ğŸ… 1 @ConmebolRecopa
 ğŸ¸ Beneficios Exclusivos ğŸ”

Vive la Experiencia #IDV 
ğŸ‘ŠğŸ˜ Tribuna 9âƒ£9âƒ£âºï¸9âƒ£9âƒ£
ğŸ’» https://t.co/O6naQY3kYz
ğŸª‚ IDV FAN SHOP @SanLuis_UIO https://t.co/QPTqMtZl6T","ğŸš¨ CONTENIDO DELICADO 
Vive el #IDV Fan Club #IDVFC
â¡ï¸ 15 Partidos @LigaProEC
â¡ï¸ 3 Partidos @Libertadores
ğŸ… 1 @ConmebolRecopa
 ğŸ¸ Beneficios Exclusivos ğŸ”

Vive la Experiencia #IDV 
ğŸ‘ŠğŸ˜ Tribuna 9âƒ£9âƒ£âºï¸9âƒ£9âƒ£
ğŸ’» https://t.co/O6naQY3kYz
ğŸª‚ IDV FAN SHOP @SanLuis_UIO https://t.co/QPTqMtZl6T",FALSE,,"<a href=""https://mobile.twitter.com"" rel=""nofollow"">Twitter Web App</a>",NA,NA,NA,NA,NA,,,,NA,FALSE,6,41,FALSE,NA,FALSE,NA,es,FALSE,NA,254,NA,,NA,NA,,NA,NA,NA,NA,NA,NA,NA,NA,NA,NA
2023-01-20T02:41:13Z,1616264557567123500,1616264557567123457,"Mijines digan Foto ğŸ“¸ #GalaAPDP @APDPEcuador 
@RichardCarapazM https://t.co/n2QIjsBzKE","Mijines digan Foto ğŸ“¸ #GalaAPDP @APDPEcuador 
@RichardCarapazM https://t.co/n2QIjsBzKE",FALSE,,"<a href=""http://twitter.com/download/iphone"" rel=""nofollow"">Twitter for iPhone</a>",NA,NA,NA,NA,NA,,,,NA,FALSE,3,62,FALSE,NA,FALSE,NA,es,FALSE,NA,61,NA,,NA,NA,,NA,NA,NA,NA,NA,NA,NA,NA,NA,NA
2023-01-20T01:58:07Z,1616253709272625200,1616253709272625152,"Presentes en la #GalaAPDP, nuestro Presidente Franklin Tello recibe el premio Mejor Dirigente deporte profesional 2022 @APDPEcuador https://t.co/QnDG6AsJJk","Presentes en la #GalaAPDP, nuestro Presidente Franklin Tello recibe el premio Mejor Dirigente deporte profesional 2022 @APDPEcuador https://t.co/QnDG6AsJJk",FALSE,,"<a href=""http://twitter.com/download/iphone"" rel=""nofollow"">Twitter for iPhone</a>",NA,NA,NA,NA,NA,,,,NA,FALSE,13,83,FALSE,NA,FALSE,NA,es,FALSE,NA,131,NA,,NA,NA,,NA,NA,NA,NA,NA,NA,NA,NA,NA,NA
2023-01-19T18:52:26Z,1616146583002943500,1616146583002943488,"PrÃ³xima parada ğŸ‡¦ğŸ‡·
#IDV on tour ğŸ¸ https://t.co/E2SQzperVi","PrÃ³xima parada ğŸ‡¦ğŸ‡·
#IDV on tour ğŸ¸ https://t.co/E2SQzperVi",FALSE,,"<a href=""http://twitter.com/download/iphone"" rel=""nofollow"">Twitter for iPhone</a>",NA,NA,NA,NA,NA,,,,NA,FALSE,8,82,FALSE,NA,FALSE,NA,pt,FALSE,NA,32,NA,,NA,NA,,NA,NA,NA,NA,NA,NA,NA,NA,NA,NA
2023-01-19T18:11:58Z,1616136398318207e3,1616136398318206980,"Primer Gol de Kevin la Rola ğŸ¶ con #IDV ğŸ’™ğŸ–¤
 https://t.co/QXeybr1Zi9","Primer Gol de Kevin la Rola ğŸ¶ con #IDV ğŸ’™ğŸ–¤
 https://t.co/QXeybr1Zi9",FALSE,,"<a href=""http://twitter.com/download/iphone"" rel=""nofollow"">Twitter for iPhone</a>",NA,NA,NA,NA,NA,,,,NA,FALSE,9,118,FALSE,NA,FALSE,NA,es,FALSE,NA,66,NA,,NA,NA,,NA,NA,NA,NA,NA,NA,NA,NA,NA,NA
2023-01-19T13:59:23Z,1616072833305641e3,1616072833305640962,La familia #IDV expresa su nota de pesar ante el sensible fallecimiento de RocÃ­o Albornoz  madre de nuestros compaÃ±eros Mario y Francisco Alcocer.Mucha fuerza y paz a su flia. ğŸ’ https://t.co/qPzgFmKiMm,La familia #IDV expresa su nota de pesar ante el sensible fallecimiento de RocÃ­o Albornoz  madre de nuestros compaÃ±eros Mario y Francisco Alcocer.Mucha fuerza y paz a su flia. ğŸ’ https://t.co/qPzgFmKiMm,FALSE,,"<a href=""https://mobile.twitter.com"" rel=""nofollow"">Twitter Web App</a>",NA,NA,NA,NA,NA,,,,NA,FALSE,4,52,FALSE,NA,FALSE,NA,es,FALSE,NA,177,NA,,NA,NA,,NA,NA,NA,NA,NA,NA,NA,NA,NA,NA
2023-01-18T23:06:58Z,1615848250338058200,1615848250338058242,PRIMERA l Final ST â±ï¸ @SerieRdeLP D. Maldonado 2 #IDV 1 https://t.co/B2PZGUZArM,PRIMERA l Final ST â±ï¸ @SerieRdeLP D. Maldonado 2 #IDV 1 https://t.co/B2PZGUZArM,FALSE,,"<a href=""http://twitter.com/download/iphone"" rel=""nofollow"">Twitter for iPhone</a>",NA,NA,NA,NA,NA,,,,NA,FALSE,4,62,FALSE,NA,FALSE,NA,ca,FALSE,NA,55,NA,,NA,NA,,NA,NA,NA,NA,NA,NA,NA,NA,NA,NA
2023-01-18T22:57:21Z,1615845830543523800,1615845830543523842,PRIMERA l 85â€™ ST â±ï¸ @SerieRdeLP D. Maldonado 2 #IDV 1 https://t.co/1HSgJFE0pz,PRIMERA l 85â€™ ST â±ï¸ @SerieRdeLP D. Maldonado 2 #IDV 1 https://t.co/1HSgJFE0pz,FALSE,,"<a href=""http://twitter.com/download/iphone"" rel=""nofollow"">Twitter for iPhone</a>",NA,NA,NA,NA,NA,,,,NA,FALSE,0,20,FALSE,NA,FALSE,NA,ca,FALSE,NA,53,NA,,NA,NA,,NA,NA,NA,NA,NA,NA,NA,NA,NA,NA
2023-01-18T22:46:45Z,1615843162488029200,1615843162488029184,PRIMERA l 75â€™ ST â±ï¸ @SerieRdeLP D. Maldonado 2 #IDV 1 https://t.co/7Y0EIn1TVT,PRIMERA l 75â€™ ST â±ï¸ @SerieRdeLP D. Maldonado 2 #IDV 1 https://t.co/7Y0EIn1TVT,FALSE,,"<a href=""http://twitter.com/download/iphone"" rel=""nofollow"">Twitter for iPhone</a>",NA,NA,NA,NA,NA,,,,NA,FALSE,0,18,FALSE,NA,FALSE,NA,ca,FALSE,NA,53,NA,,NA,NA,,NA,NA,NA,NA,NA,NA,NA,NA,NA,NA
2023-01-18T22:41:58Z,1615841960337576e3,1615841960337575936,"Cambio #IDV 
â—€ï¸Ortiz Cortez  Alcivar 
â–¶ï¸Pellerano Tobar Caicedo","Cambio #IDV 
â—€ï¸Ortiz Cortez  Alcivar 
â–¶ï¸Pellerano Tobar Caicedo",FALSE,,"<a href=""http://twitter.com/download/iphone"" rel=""nofollow"">Twitter for iPhone</a>",NA,NA,NA,NA,NA,,,,NA,FALSE,0,9,FALSE,NA,FALSE,NA,es,NA,NA,63,NA,,NA,NA,,NA,NA,NA,NA,NA,NA,NA,NA,NA,NA
2023-01-18T22:39:49Z,1615841415585480700,1615841415585480705,#IDV Faravelli ğŸŸ¨,#IDV Faravelli ğŸŸ¨,FALSE,,"<a href=""http://twitter.com/download/iphone"" rel=""nofollow"">Twitter for iPhone</a>",NA,NA,NA,NA,NA,,,,NA,FALSE,0,14,FALSE,NA,FALSE,NA,it,NA,NA,16,NA,,NA,NA,,NA,NA,NA,NA,NA,NA,NA,NA,NA,NA
2023-01-18T22:39:48Z,1615841412959838200,1615841412959838212,PRIMERA l 65â€™ ST â±ï¸ @SerieRdeLP D. Maldonado 2 #IDV 1 https://t.co/0YhgM9rLgp,PRIMERA l 65â€™ ST â±ï¸ @SerieRdeLP D. Maldonado 2 #IDV 1 https://t.co/0YhgM9rLgp,FALSE,,"<a href=""http://twitter.com/download/iphone"" rel=""nofollow"">Twitter for iPhone</a>",NA,NA,NA,NA,NA,,,,NA,FALSE,1,6,FALSE,NA,FALSE,NA,ca,FALSE,NA,53,NA,,NA,NA,,NA,NA,NA,NA,NA,NA,NA,NA,NA,NA
2023-01-18T22:32:29Z,1615839572490846200,1615839572490846208,"Cambios #IDV 
â—€ï¸Schunke Previtali Cabezas 
â–¶ï¸Carabajal Faraveli  G Basso https://t.co/J7l4BRFQ9U","Cambios #IDV 
â—€ï¸Schunke Previtali Cabezas 
â–¶ï¸Carabajal Faraveli  G Basso https://t.co/J7l4BRFQ9U",FALSE,,"<a href=""http://twitter.com/download/iphone"" rel=""nofollow"">Twitter for iPhone</a>",NA,NA,NA,NA,NA,,,,NA,FALSE,0,8,FALSE,NA,FALSE,NA,es,FALSE,NA,72,NA,,NA,NA,,NA,NA,NA,NA,NA,NA,NA,NA,NA,NA
2023-01-18T22:26:51Z,1615838153763598300,1615838153763598336,PRIMERA l 55â€™ ST â±ï¸ @SerieRdeLP D. Maldonado 2 #IDV 1 https://t.co/LJLXhHiajB,PRIMERA l 55â€™ ST â±ï¸ @SerieRdeLP D. Maldonado 2 #IDV 1 https://t.co/LJLXhHiajB,FALSE,,"<a href=""http://twitter.com/download/iphone"" rel=""nofollow"">Twitter for iPhone</a>",NA,NA,NA,NA,NA,,,,NA,FALSE,2,13,FALSE,NA,FALSE,NA,ca,FALSE,NA,53,NA,,NA,NA,,NA,NA,NA,NA,NA,NA,NA,NA,NA,NA
2023-01-18T22:20:03Z,1615836441350934500,1615836441350934529,PRIMERA l 45â€™ ST â±ï¸ @SerieRdeLP D. Maldonado 2 #IDV 1 https://t.co/omV6m2BqNs,PRIMERA l 45â€™ ST â±ï¸ @SerieRdeLP D. Maldonado 2 #IDV 1 https://t.co/omV6m2BqNs,FALSE,,"<a href=""http://twitter.com/download/iphone"" rel=""nofollow"">Twitter for iPhone</a>",NA,NA,NA,NA,NA,,,,NA,FALSE,0,14,FALSE,NA,FALSE,NA,ca,FALSE,NA,53,NA,,NA,NA,,NA,NA,NA,NA,NA,NA,NA,NA,NA,NA
2023-01-18T22:02:12Z,1615831950568169500,1615831950568169487,PRIMERA l Final PT â±ï¸ @SerieRdeLP D. Maldonado 1 #IDV 1 https://t.co/02fFF6mRTe,PRIMERA l Final PT â±ï¸ @SerieRdeLP D. Maldonado 1 #IDV 1 https://t.co/02fFF6mRTe,FALSE,,"<a href=""https://mobile.twitter.com"" rel=""nofollow"">Twitter Web App</a>",NA,NA,NA,NA,NA,,,,NA,FALSE,2,35,FALSE,NA,FALSE,NA,es,FALSE,NA,55,NA,,NA,NA,,NA,NA,NA,NA,NA,NA,NA,NA,NA,NA
2023-01-18T21:56:29Z,1615830513398292500,1615830513398292489,PRIMERA l 42Â´ PT â±ï¸ @SerieRdeLP D. Maldonado 1 #IDV 1 https://t.co/Y7fSygqnPK,PRIMERA l 42Â´ PT â±ï¸ @SerieRdeLP D. Maldonado 1 #IDV 1 https://t.co/Y7fSygqnPK,FALSE,,"<a href=""https://mobile.twitter.com"" rel=""nofollow"">Twitter Web App</a>",NA,NA,NA,NA,NA,,,,NA,FALSE,0,14,FALSE,NA,FALSE,NA,es,FALSE,NA,53,NA,,NA,NA,,NA,NA,NA,NA,NA,NA,NA,NA,NA,NA
2023-01-18T21:53:12Z,1615829687581778e3,1615829687581777937,PRIMERA l 40Â´ PT â±ï¸ @SerieRdeLP D. Maldonado 0 #IDV 1 https://t.co/XFTFJtnTX5,PRIMERA l 40Â´ PT â±ï¸ @SerieRdeLP D. Maldonado 0 #IDV 1 https://t.co/XFTFJtnTX5,FALSE,,"<a href=""https://mobile.twitter.com"" rel=""nofollow"">Twitter Web App</a>",NA,NA,NA,NA,NA,,,,NA,FALSE,0,18,FALSE,NA,FALSE,NA,es,FALSE,NA,53,NA,,NA,NA,,NA,NA,NA,NA,NA,NA,NA,NA,NA,NA
2023-01-18T21:50:27Z,1615828996020908e3,1615828996020908032,âš½ï¸ğŸ¥… Kevin La Rola RodrÃ­guez https://t.co/JyVxipZsXm,âš½ï¸ğŸ¥… Kevin La Rola RodrÃ­guez https://t.co/JyVxipZsXm,FALSE,,"<a href=""https://mobile.twitter.com"" rel=""nofollow"">Twitter Web App</a>",NA,NA,NA,NA,NA,,,,NA,FALSE,10,195,FALSE,NA,FALSE,NA,es,FALSE,NA,27,NA,,NA,NA,,NA,NA,NA,NA,NA,NA,NA,NA,NA,NA
2023-01-18T21:48:06Z,1615828401713221600,1615828401713221633,PRIMERA l 35Â´ PT â±ï¸ @SerieRdeLP GOOOOOOOOLLLLLL LA ROLAAAAAAA  D. Maldonado 0 #IDV 1 https://t.co/nZrq283719,PRIMERA l 35Â´ PT â±ï¸ @SerieRdeLP GOOOOOOOOLLLLLL LA ROLAAAAAAA  D. Maldonado 0 #IDV 1 https://t.co/nZrq283719,FALSE,,"<a href=""https://mobile.twitter.com"" rel=""nofollow"">Twitter Web App</a>",NA,NA,NA,NA,NA,,,,NA,FALSE,2,30,FALSE,NA,FALSE,NA,es,FALSE,NA,84,NA,,NA,NA,,NA,NA,NA,NA,NA,NA,NA,NA,NA,NA
2023-01-18T21:43:39Z,1615827284023480300,1615827284023480321,PRIMERA l 30Â´ PT â±ï¸ @SerieRdeLP D. Maldonado 0 #IDV 0 https://t.co/83v3OfEEgG,PRIMERA l 30Â´ PT â±ï¸ @SerieRdeLP D. Maldonado 0 #IDV 0 https://t.co/83v3OfEEgG,FALSE,,"<a href=""https://mobile.twitter.com"" rel=""nofollow"">Twitter Web App</a>",NA,NA,NA,NA,NA,,,,NA,FALSE,0,15,FALSE,NA,FALSE,NA,es,FALSE,NA,53,NA,,NA,NA,,NA,NA,NA,NA,NA,NA,NA,NA,NA,NA
2023-01-18T21:33:38Z,1615824764110602200,1615824764110602240,PRIMERA l 20Â´ PT â±ï¸ @SerieRdeLP D. Maldonado 0 #IDV 0 https://t.co/rCgnbz8UGo,PRIMERA l 20Â´ PT â±ï¸ @SerieRdeLP D. Maldonado 0 #IDV 0 https://t.co/rCgnbz8UGo,FALSE,,"<a href=""https://mobile.twitter.com"" rel=""nofollow"">Twitter Web App</a>",NA,NA,NA,NA,NA,,,,NA,FALSE,0,11,FALSE,NA,FALSE,NA,es,FALSE,NA,53,NA,,NA,NA,,NA,NA,NA,NA,NA,NA,NA,NA,NA,NA
2023-01-18T21:31:37Z,1615824255035510800,1615824255035510785,FallÃ³ Jr https://t.co/D978kLRiXt,FallÃ³ Jr https://t.co/D978kLRiXt,FALSE,,"<a href=""https://mobile.twitter.com"" rel=""nofollow"">Twitter Web App</a>",NA,NA,NA,NA,NA,,,,NA,FALSE,4,34,FALSE,NA,FALSE,NA,es,FALSE,NA,8,NA,,NA,NA,,NA,NA,NA,NA,NA,NA,NA,NA,NA,NA
2023-01-18T21:30:13Z,1615823903456198700,1615823903456198658,Penal para #IDV https://t.co/CSdI4gQ78I,Penal para #IDV https://t.co/CSdI4gQ78I,FALSE,,"<a href=""https://mobile.twitter.com"" rel=""nofollow"">Twitter Web App</a>",NA,NA,NA,NA,NA,,,,NA,FALSE,0,12,FALSE,NA,FALSE,NA,es,FALSE,NA,15,NA,,NA,NA,,NA,NA,NA,NA,NA,NA,NA,NA,NA,NA
2023-01-18T21:23:30Z,1615822211276841e3,1615822211276840988,PRIMERA l 10Â´ PT â±ï¸ @SerieRdeLP D. Maldonado 0 #IDV 0 https://t.co/8dA76JfpeH,PRIMERA l 10Â´ PT â±ï¸ @SerieRdeLP D. Maldonado 0 #IDV 0 https://t.co/8dA76JfpeH,FALSE,,"<a href=""https://mobile.twitter.com"" rel=""nofollow"">Twitter Web App</a>",NA,NA,NA,NA,NA,,,,NA,FALSE,1,14,FALSE,NA,FALSE,NA,es,FALSE,NA,53,NA,,NA,NA,,NA,NA,NA,NA,NA,NA,NA,NA,NA,NA
2023-01-18T21:13:50Z,1615819777720590300,1615819777720590336,PRIMERA l Inicia PT â±ï¸ @SerieRdeLP D. Maldonado 0 #IDV 0 https://t.co/J9TZxkMrmX,PRIMERA l Inicia PT â±ï¸ @SerieRdeLP D. Maldonado 0 #IDV 0 https://t.co/J9TZxkMrmX,FALSE,,"<a href=""https://mobile.twitter.com"" rel=""nofollow"">Twitter Web App</a>",NA,NA,NA,NA,NA,,,,NA,FALSE,1,8,FALSE,NA,FALSE,NA,es,FALSE,NA,56,NA,,NA,NA,,NA,NA,NA,NA,NA,NA,NA,NA,NA,NA
2023-01-18T20:30:25Z,1615808854968701e3,1615808854968700956,"Suplentes:

A. VILLA 
A. GARCIA BASSO
M. FERNANDEZ
M. CARABAJAL
R. CABEZAS
B. CAICEDO
C. PELLERANO
L. FARAVELLI
J. ALCIVAR
Y. OCHOA
N. ACOSTA","Suplentes:

A. VILLA 
A. GARCIA BASSO
M. FERNANDEZ
M. CARABAJAL
R. CABEZAS
B. CAICEDO
C. PELLERANO
L. FARAVELLI
J. ALCIVAR
Y. OCHOA
N. ACOSTA",FALSE,,"<a href=""http://twitter.com/download/iphone"" rel=""nofollow"">Twitter for iPhone</a>",1615808849079898e3,1615808849079898115,468586302,468586302,IDV_EC,,,,NA,FALSE,3,16,FALSE,NA,FALSE,NA,es,NA,NA,141,NA,,NA,NA,,NA,NA,NA,NA,NA,NA,NA,NA,NA,NA
2023-01-18T20:30:24Z,1615808849079898e3,1615808849079898115,ğŸš¨ @BancoGuayaquil presenta:1âƒ£1âƒ£ ğŸ“AlineaciÃ³n #IDV âš½ğŸƒğŸ†š @maldosad  #UnClubDiferente                                                                           Encuentra la camiseta oficial de Independiente Del Valle en https://t.co/3S5mXN16vc https://t.co/wyrLIhNAHQ,ğŸš¨ @BancoGuayaquil presenta:1âƒ£1âƒ£ ğŸ“AlineaciÃ³n #IDV âš½ğŸƒğŸ†š @maldosad  #UnClubDiferente                                                                           Encuentra la camiseta oficial de Independiente Del Valle en https://t.co/3S5mXN16vc https://t.co/wyrLIhNAHQ,FALSE,,"<a href=""http://twitter.com/download/iphone"" rel=""nofollow"">Twitter for iPhone</a>",NA,NA,NA,NA,NA,,,,NA,FALSE,12,68,FALSE,NA,FALSE,NA,es,FALSE,NA,238,NA,,NA,NA,,NA,NA,NA,NA,NA,NA,NA,NA,NA,NA
2023-01-18T19:38:22Z,1615795755612049400,1615795755612049417,ğŸ¶ Â¿Vamos mejorando el ritmo en Pretemporada?ğŸ¥ ğŸ¶ğŸ¶ğŸ§ https://t.co/XxXgS0pMBu,ğŸ¶ Â¿Vamos mejorando el ritmo en Pretemporada?ğŸ¥ ğŸ¶ğŸ¶ğŸ§ https://t.co/XxXgS0pMBu,FALSE,,"<a href=""http://twitter.com/download/iphone"" rel=""nofollow"">Twitter for iPhone</a>",NA,NA,NA,NA,NA,,,,NA,FALSE,12,77,FALSE,NA,FALSE,NA,es,FALSE,NA,49,NA,,NA,NA,,NA,NA,NA,NA,NA,NA,NA,NA,NA,NA
2023-01-18T19:32:34Z,1615794294291398700,1615794294291398656,ğŸ˜  con una sonrisa y con muchas ganas ğŸ˜‰ nos fuimos al estadio ğŸŸ https://t.co/Qj0ilyoJ3e,ğŸ˜  con una sonrisa y con muchas ganas ğŸ˜‰ nos fuimos al estadio ğŸŸ https://t.co/Qj0ilyoJ3e,FALSE,,"<a href=""http://twitter.com/download/iphone"" rel=""nofollow"">Twitter for iPhone</a>",NA,NA,NA,NA,NA,,,,NA,FALSE,7,72,FALSE,NA,FALSE,NA,es,FALSE,NA,63,NA,,NA,NA,,NA,NA,NA,NA,NA,NA,NA,NA,NA,NA
2023-01-18T16:19:49Z,1615745786897211400,1615745786897211392,"ğŸ¤¯ Tamo activos ğŸƒâ€â™‚ï¸ğŸ‹ï¸â€â™€ï¸âš½ï¸, se viene el reto del dÃ­a.
SÃ­guenos en vivo ğŸ«¶ https://t.co/B7iTo11HyH","ğŸ¤¯ Tamo activos ğŸƒâ€â™‚ï¸ğŸ‹ï¸â€â™€ï¸âš½ï¸, se viene el reto del dÃ­a.
SÃ­guenos en vivo ğŸ«¶ https://t.co/B7iTo11HyH",FALSE,,"<a href=""http://twitter.com/download/iphone"" rel=""nofollow"">Twitter for iPhone</a>",NA,NA,NA,NA,NA,,,,NA,FALSE,5,61,FALSE,NA,FALSE,NA,es,FALSE,NA,72,NA,,NA,NA,,NA,NA,NA,NA,NA,NA,NA,NA,NA,NA
2023-01-18T15:03:34Z,161572659736073e4,1615726597360730114,"PrÃ³ximo Partido
Es HOYğŸ‘‡
ğŸ—“ 18 de Enero 
âš½ #IDV ğŸ†š @maldosad  
ğŸ† @SerieRdeLP  ğŸ®  
â° 16h15 ğŸ‡ªğŸ‡¨
ğŸŸ Campus 
ğŸ“º @StarPlusLA https://t.co/RVZHLOxDus","PrÃ³ximo Partido
Es HOYğŸ‘‡
ğŸ—“ 18 de Enero 
âš½ #IDV ğŸ†š @maldosad  
ğŸ† @SerieRdeLP  ğŸ®  
â° 16h15 ğŸ‡ªğŸ‡¨
ğŸŸ Campus 
ğŸ“º @StarPlusLA https://t.co/RVZHLOxDus",FALSE,,"<a href=""http://twitter.com/download/iphone"" rel=""nofollow"">Twitter for iPhone</a>",NA,NA,NA,NA,NA,,,,NA,FALSE,11,109,FALSE,NA,FALSE,NA,es,FALSE,NA,113,NA,,NA,NA,,NA,NA,NA,NA,NA,NA,NA,NA,NA,NA
2023-01-18T02:25:07Z,1615535729030873e3,1615535729030873088,ğŸ«¶ğŸ˜â˜‘ï¸ https://t.co/LxwpNR7uJq,ğŸ«¶ğŸ˜â˜‘ï¸ https://t.co/LxwpNR7uJq,FALSE,,"<a href=""http://twitter.com/download/iphone"" rel=""nofollow"">Twitter for iPhone</a>",NA,NA,NA,NA,NA,,,,NA,TRUE,4,77,FALSE,NA,FALSE,NA,art,FALSE,NA,4,NA,,161549843546914e4,1615498435469139971,,NA,NA,NA,NA,NA,NA,NA,NA,NA,NA
2023-01-17T23:36:37Z,1615493323166212e3,1615493323166212103,"La familia #IDV expresa su nota de pesar ante el sensible fallecimiento de Manuel Chango , padre de Luis Alfonso Chango presidente de @ClubMushucRuna1 Mucha fuerza y paz a su flia. ğŸ’ https://t.co/1mJ5yTHRHP","La familia #IDV expresa su nota de pesar ante el sensible fallecimiento de Manuel Chango , padre de Luis Alfonso Chango presidente de @ClubMushucRuna1 Mucha fuerza y paz a su flia. ğŸ’ https://t.co/1mJ5yTHRHP",FALSE,,"<a href=""http://twitter.com/download/iphone"" rel=""nofollow"">Twitter for iPhone</a>",NA,NA,NA,NA,NA,,,,NA,FALSE,1,75,FALSE,NA,FALSE,NA,es,FALSE,NA,182,NA,,NA,NA,,NA,NA,NA,NA,NA,NA,NA,NA,NA,NA
2023-01-17T20:12:17Z,1615441902790406100,1615441902790406144,"Si quieres algo ğŸ§¢, entrena para ello ğŸ©
#IDV on Tour ğŸ¸ Pretemporada https://t.co/SykccRfXyu","Si quieres algo ğŸ§¢, entrena para ello ğŸ©
#IDV on Tour ğŸ¸ Pretemporada https://t.co/SykccRfXyu",FALSE,,"<a href=""http://twitter.com/download/iphone"" rel=""nofollow"">Twitter for iPhone</a>",NA,NA,NA,NA,NA,,,,NA,FALSE,7,72,FALSE,NA,FALSE,NA,es,FALSE,NA,66,NA,,NA,NA,,NA,NA,NA,NA,NA,NA,NA,NA,NA,NA
2023-01-16T22:13:58Z,1615110136401469400,1615110136401469449,Otra Session claramente la sudaron ğŸ¤¯ğŸ¥µ https://t.co/k3I5yCDLd7,Otra Session claramente la sudaron ğŸ¤¯ğŸ¥µ https://t.co/k3I5yCDLd7,FALSE,,"<a href=""http://twitter.com/download/iphone"" rel=""nofollow"">Twitter for iPhone</a>",NA,NA,NA,NA,NA,,,,NA,FALSE,9,89,FALSE,NA,FALSE,NA,es,FALSE,NA,37,NA,,NA,NA,,NA,NA,NA,NA,NA,NA,NA,NA,NA,NA
2023-01-16T21:28:00Z,1615098566732648400,1615098566732648448,"Y en el #IDV Fan Club estÃ¡ incluida la final de la @ConmebolRecopa 
SI â˜‘ï¸

Incluye 
â¡ï¸ 15 Partidos @LigaProEC 
â¡ï¸ 3 Partidos @Libertadores 
ğŸ… 1 @ConmebolRecopa 
ğŸ¸ Beneficios Exclusivos ğŸ”

ğŸ‘ŠğŸ˜ Tribuna 9âƒ£9âƒ£âºï¸9âƒ£9âƒ£
De venta en 
https://t.co/ZhTmXxEhut
IDV Fan Shop @SanLuis_UIO https://t.co/BHTw81aoMq","Y en el #IDV Fan Club estÃ¡ incluida la final de la @ConmebolRecopa 
SI â˜‘ï¸

Incluye 
â¡ï¸ 15 Partidos @LigaProEC 
â¡ï¸ 3 Partidos @Libertadores 
ğŸ… 1 @ConmebolRecopa 
ğŸ¸ Beneficios Exclusivos ğŸ”

ğŸ‘ŠğŸ˜ Tribuna 9âƒ£9âƒ£âºï¸9âƒ£9âƒ£
De venta en 
https://t.co/ZhTmXxEhut
IDV Fan Shop @SanLuis_UIO https://t.co/BHTw81aoMq",FALSE,,"<a href=""http://twitter.com/download/iphone"" rel=""nofollow"">Twitter for iPhone</a>",NA,NA,NA,NA,NA,,,,NA,FALSE,10,111,FALSE,NA,FALSE,NA,es,FALSE,NA,272,NA,,NA,NA,,NA,NA,NA,NA,NA,NA,NA,NA,NA,NA
2023-01-16T20:30:49Z,1615084176151036e3,1615084176151035905,Nos fuimos a entrenar ğŸ‹ï¸â€â™€ï¸ âš½ï¸ğŸƒâ€â™‚ï¸ sigue el Tour ğŸ¸ Pre temporada #IDV https://t.co/lA2BoTfYfg,Nos fuimos a entrenar ğŸ‹ï¸â€â™€ï¸ âš½ï¸ğŸƒâ€â™‚ï¸ sigue el Tour ğŸ¸ Pre temporada #IDV https://t.co/lA2BoTfYfg,FALSE,,"<a href=""http://twitter.com/download/iphone"" rel=""nofollow"">Twitter for iPhone</a>",NA,NA,NA,NA,NA,,,,NA,FALSE,9,123,FALSE,NA,FALSE,NA,es,FALSE,NA,69,NA,,NA,NA,,NA,NA,NA,NA,NA,NA,NA,NA,NA,NA
2023-01-16T03:32:32Z,1614827917137088500,1614827917137088520,Pinnaaaaa  luciÃ©ndose en los penales âš½ï¸ğŸ§¤ y ğŸ† https://t.co/Ah7zDr62ZZ,Pinnaaaaa  luciÃ©ndose en los penales âš½ï¸ğŸ§¤ y ğŸ† https://t.co/Ah7zDr62ZZ,FALSE,,"<a href=""http://twitter.com/download/iphone"" rel=""nofollow"">Twitter for iPhone</a>",NA,NA,NA,NA,NA,,,,NA,FALSE,22,217,FALSE,NA,FALSE,NA,es,FALSE,NA,44,NA,,NA,NA,,NA,NA,NA,NA,NA,NA,NA,NA,NA,NA
2023-01-16T02:58:48Z,1614819427999957e3,1614819427999956995,"ğŸ†â˜‘ï¸
 https://t.co/rycuyyeMXq","ğŸ†â˜‘ï¸
 https://t.co/rycuyyeMXq",FALSE,,"<a href=""http://twitter.com/download/iphone"" rel=""nofollow"">Twitter for iPhone</a>",NA,NA,NA,NA,NA,,,,NA,FALSE,44,510,FALSE,NA,FALSE,NA,und,FALSE,NA,28,NA,,NA,NA,,NA,NA,NA,NA,NA,NA,NA,NA,NA,NA
2023-01-16T02:32:12Z,1614812736419922e3,1614812736419921922,"Penales  #IDV 5 - San Lorenzo 4
#IDV âœ… âœ… âœ… âŒ âœ… âœ…
San Lorenzo âœ… âœ… âŒ âœ… âœ… âŒ https://t.co/I2VNBbzAVZ","Penales  #IDV 5 - San Lorenzo 4
#IDV âœ… âœ… âœ… âŒ âœ… âœ…
San Lorenzo âœ… âœ… âŒ âœ… âœ… âŒ https://t.co/I2VNBbzAVZ",FALSE,,"<a href=""https://mobile.twitter.com"" rel=""nofollow"">Twitter Web App</a>",NA,NA,NA,NA,NA,,,,NA,FALSE,45,642,FALSE,NA,FALSE,NA,es,FALSE,NA,72,NA,,NA,NA,,NA,NA,NA,NA,NA,NA,NA,NA,NA,NA
2023-01-16T02:18:25Z,1614809264723206100,1614809264723206144,PRIMERA l Final ST â±ï¸ @SerieRdeLP San Lorenzo 0 #IDV 0 https://t.co/l706mRdMZg,PRIMERA l Final ST â±ï¸ @SerieRdeLP San Lorenzo 0 #IDV 0 https://t.co/l706mRdMZg,FALSE,,"<a href=""https://mobile.twitter.com"" rel=""nofollow"">Twitter Web App</a>",NA,NA,NA,NA,NA,,,,NA,FALSE,3,43,FALSE,NA,FALSE,NA,it,FALSE,NA,54,NA,,NA,NA,,NA,NA,NA,NA,NA,NA,NA,NA,NA,NA
2023-01-16T02:10:45Z,1614807337759383600,1614807337759383552,PRIMERA l 85Â´ ST â±ï¸ @SerieRdeLP San Lorenzo 0 #IDV 0 https://t.co/bBaNNOLPoD,PRIMERA l 85Â´ ST â±ï¸ @SerieRdeLP San Lorenzo 0 #IDV 0 https://t.co/bBaNNOLPoD,FALSE,,"<a href=""https://mobile.twitter.com"" rel=""nofollow"">Twitter Web App</a>",NA,NA,NA,NA,NA,,,,NA,FALSE,6,56,FALSE,NA,FALSE,NA,it,FALSE,NA,52,NA,,NA,NA,,NA,NA,NA,NA,NA,NA,NA,NA,NA,NA
2023-01-16T02:03:30Z,1614805513568485400,1614805513568485376,"Cambio #IDV 
â—€ï¸ Caicedo
â–¶ï¸ Cortez","Cambio #IDV 
â—€ï¸ Caicedo
â–¶ï¸ Cortez",FALSE,,"<a href=""https://mobile.twitter.com"" rel=""nofollow"">Twitter Web App</a>",NA,NA,NA,NA,NA,,,,NA,FALSE,1,21,FALSE,NA,FALSE,NA,es,NA,NA,33,NA,,NA,NA,,NA,NA,NA,NA,NA,NA,NA,NA,NA,NA
2023-01-16T02:00:38Z,1614804789635719200,1614804789635719169,PRIMERA l 75Â´ ST â±ï¸ @SerieRdeLP San Lorenzo 0 #IDV 0 https://t.co/7nI6i90JwE,PRIMERA l 75Â´ ST â±ï¸ @SerieRdeLP San Lorenzo 0 #IDV 0 https://t.co/7nI6i90JwE,FALSE,,"<a href=""https://mobile.twitter.com"" rel=""nofollow"">Twitter Web App</a>",NA,NA,NA,NA,NA,,,,NA,FALSE,3,50,FALSE,NA,FALSE,NA,it,FALSE,NA,52,NA,,NA,NA,,NA,NA,NA,NA,NA,NA,NA,NA,NA,NA
2023-01-16T01:50:11Z,1614802162772492300,1614802162772492293,PRIMERA l 65Â´ ST â±ï¸ @SerieRdeLP San Lorenzo 0 #IDV 0 https://t.co/9txSfmM1dT,PRIMERA l 65Â´ ST â±ï¸ @SerieRdeLP San Lorenzo 0 #IDV 0 https://t.co/9txSfmM1dT,FALSE,,"<a href=""https://mobile.twitter.com"" rel=""nofollow"">Twitter Web App</a>",NA,NA,NA,NA,NA,,,,NA,FALSE,2,30,FALSE,NA,FALSE,NA,it,FALSE,NA,52,NA,,NA,NA,,NA,NA,NA,NA,NA,NA,NA,NA,NA,NA
2023-01-16T01:48:42Z,1614801788221235200,1614801788221235200,"Cambio #IDV 
â—€ï¸Sornoza - Pellerano 
â–¶ï¸Hoyos - Ortiz","Cambio #IDV 
â—€ï¸Sornoza - Pellerano 
â–¶ï¸Hoyos - Ortiz",FALSE,,"<a href=""https://mobile.twitter.com"" rel=""nofollow"">Twitter Web App</a>",NA,NA,NA,NA,NA,,,,NA,FALSE,1,21,FALSE,NA,FALSE,NA,es,NA,NA,51,NA,,NA,NA,,NA,NA,NA,NA,NA,NA,NA,NA,NA,NA
2023-01-16T01:41:45Z,1614800038622007300,1614800038622007296,"Cambio #IDV 
â—€ï¸DÃ­az - Alcivar - Ramirez 
â–¶ï¸Rodriguez - Previtalli - Pinargote","Cambio #IDV 
â—€ï¸DÃ­az - Alcivar - Ramirez 
â–¶ï¸Rodriguez - Previtalli - Pinargote",FALSE,,"<a href=""https://mobile.twitter.com"" rel=""nofollow"">Twitter Web App</a>",NA,NA,NA,NA,NA,,,,NA,FALSE,2,27,FALSE,NA,FALSE,NA,es,NA,NA,77,NA,,NA,NA,,NA,NA,NA,NA,NA,NA,NA,NA,NA,NA
2023-01-16T01:39:49Z,1614799552556724200,1614799552556724224,PRIMERA l 55Â´ ST â±ï¸ @SerieRdeLP San Lorenzo 0 #IDV 0 https://t.co/g07iTRb06t,PRIMERA l 55Â´ ST â±ï¸ @SerieRdeLP San Lorenzo 0 #IDV 0 https://t.co/g07iTRb06t,FALSE,,"<a href=""https://mobile.twitter.com"" rel=""nofollow"">Twitter Web App</a>",NA,NA,NA,NA,NA,,,,NA,FALSE,1,27,FALSE,NA,FALSE,NA,it,FALSE,NA,52,NA,,NA,NA,,NA,NA,NA,NA,NA,NA,NA,NA,NA,NA
2023-01-16T01:31:20Z,1614797416221507600,1614797416221507586,"Cambio
â–¶ï¸ Schunke
â—€ï¸ Landazuri","Cambio
â–¶ï¸ Schunke
â—€ï¸ Landazuri",FALSE,,"<a href=""https://mobile.twitter.com"" rel=""nofollow"">Twitter Web App</a>",NA,NA,NA,NA,NA,,,,NA,FALSE,1,32,FALSE,NA,FALSE,NA,de,NA,NA,30,NA,,NA,NA,,NA,NA,NA,NA,NA,NA,NA,NA,NA,NA
2023-01-16T01:30:21Z,1614797169332027400,1614797169332027394,PRIMERA l Inicia ST â±ï¸ @SerieRdeLP San Lorenzo 0 #IDV 0 https://t.co/O3HSdSMeu0,PRIMERA l Inicia ST â±ï¸ @SerieRdeLP San Lorenzo 0 #IDV 0 https://t.co/O3HSdSMeu0,FALSE,,"<a href=""https://mobile.twitter.com"" rel=""nofollow"">Twitter Web App</a>",NA,NA,NA,NA,NA,,,,NA,FALSE,2,22,FALSE,NA,FALSE,NA,it,FALSE,NA,55,NA,,NA,NA,,NA,NA,NA,NA,NA,NA,NA,NA,NA,NA
2023-01-16T01:15:24Z,1614793408303825e3,1614793408303824897,PRIMERA l Final PT â±ï¸ @SerieRdeLP San Lorenzo 0 #IDV 0 https://t.co/Mt08iy5Vth,PRIMERA l Final PT â±ï¸ @SerieRdeLP San Lorenzo 0 #IDV 0 https://t.co/Mt08iy5Vth,FALSE,,"<a href=""https://mobile.twitter.com"" rel=""nofollow"">Twitter Web App</a>",NA,NA,NA,NA,NA,,,,NA,FALSE,6,73,FALSE,NA,FALSE,NA,it,FALSE,NA,54,NA,,NA,NA,,NA,NA,NA,NA,NA,NA,NA,NA,NA,NA
2023-01-16T01:09:27Z,1614791911755206700,1614791911755206656,PRIMERA l 40Â´ PT â±ï¸ @SerieRdeLP San Lorenzo 0 #IDV 0 https://t.co/so2XcMnXcp,PRIMERA l 40Â´ PT â±ï¸ @SerieRdeLP San Lorenzo 0 #IDV 0 https://t.co/so2XcMnXcp,FALSE,,"<a href=""https://mobile.twitter.com"" rel=""nofollow"">Twitter Web App</a>",NA,NA,NA,NA,NA,,,,NA,FALSE,5,50,FALSE,NA,FALSE,NA,it,FALSE,NA,52,NA,,NA,NA,,NA,NA,NA,NA,NA,NA,NA,NA,NA,NA
2023-01-16T01:09:13Z,1614791853622317e3,1614791853622317056,#IDV Pellerano ğŸŸ¨ https://t.co/RDqQCSENyj,#IDV Pellerano ğŸŸ¨ https://t.co/RDqQCSENyj,FALSE,,"<a href=""https://mobile.twitter.com"" rel=""nofollow"">Twitter Web App</a>",NA,NA,NA,NA,NA,,,,NA,FALSE,1,17,FALSE,NA,FALSE,NA,it,FALSE,NA,16,NA,,NA,NA,,NA,NA,NA,NA,NA,NA,NA,NA,NA,NA
2023-01-16T00:59:39Z,1614789445009703e3,1614789445009702912,PRIMERA l 30Â´ PT â±ï¸ @SerieRdeLP San Lorenzo 0 #IDV 0 https://t.co/OU9XZNpYeX,PRIMERA l 30Â´ PT â±ï¸ @SerieRdeLP San Lorenzo 0 #IDV 0 https://t.co/OU9XZNpYeX,FALSE,,"<a href=""https://mobile.twitter.com"" rel=""nofollow"">Twitter Web App</a>",NA,NA,NA,NA,NA,,,,NA,FALSE,1,82,FALSE,NA,FALSE,NA,it,FALSE,NA,52,NA,,NA,NA,,NA,NA,NA,NA,NA,NA,NA,NA,NA,NA
2023-01-16T00:49:33Z,1614786900442910700,1614786900442910720,PRIMERA l 20Â´ PT â±ï¸ @SerieRdeLP San Lorenzo 0 #IDV 0 https://t.co/ssaRKcmJZW,PRIMERA l 20Â´ PT â±ï¸ @SerieRdeLP San Lorenzo 0 #IDV 0 https://t.co/ssaRKcmJZW,FALSE,,"<a href=""https://mobile.twitter.com"" rel=""nofollow"">Twitter Web App</a>",NA,NA,NA,NA,NA,,,,NA,FALSE,5,43,FALSE,NA,FALSE,NA,it,FALSE,NA,52,NA,,NA,NA,,NA,NA,NA,NA,NA,NA,NA,NA,NA,NA
2023-01-16T00:39:49Z,1614784452047298600,1614784452047298561,PRIMERA l 10â€™ PT â±ï¸ @SerieRdeLP San Lorenzo 0 #IDV 0 https://t.co/AZxdzdwBn8,PRIMERA l 10â€™ PT â±ï¸ @SerieRdeLP San Lorenzo 0 #IDV 0 https://t.co/AZxdzdwBn8,FALSE,,"<a href=""http://twitter.com/download/iphone"" rel=""nofollow"">Twitter for iPhone</a>",NA,NA,NA,NA,NA,,,,NA,FALSE,10,48,FALSE,NA,FALSE,NA,it,FALSE,NA,52,NA,,NA,NA,,NA,NA,NA,NA,NA,NA,NA,NA,NA,NA
2023-01-16T00:29:48Z,1614781930771185700,1614781930771185664,PRIMERA l Inicia PT â±ï¸ @SerieRdeLP San Lorenzo 0 #IDV 0 https://t.co/Dv2DNmxK4T,PRIMERA l Inicia PT â±ï¸ @SerieRdeLP San Lorenzo 0 #IDV 0 https://t.co/Dv2DNmxK4T,FALSE,,"<a href=""https://mobile.twitter.com"" rel=""nofollow"">Twitter Web App</a>",NA,NA,NA,NA,NA,,,,NA,FALSE,2,29,FALSE,NA,FALSE,NA,it,FALSE,NA,55,NA,,NA,NA,,NA,NA,NA,NA,NA,NA,NA,NA,NA,NA
2023-01-15T23:30:12Z,1614766932120535e3,1614766932120535040,"Suplentes:

K. PINARGOTE 
E. CABEZAS
R. CABEZAS
G. CORTEZ
A. LANDAZURI
M. HOYOS
J. ORTIZ
K. PAEZ
N. PREVITALI
K. RODRIGUEZ
A. TOBAR https://t.co/75jeUoQUUD","Suplentes:

K. PINARGOTE 
E. CABEZAS
R. CABEZAS
G. CORTEZ
A. LANDAZURI
M. HOYOS
J. ORTIZ
K. PAEZ
N. PREVITALI
K. RODRIGUEZ
A. TOBAR https://t.co/75jeUoQUUD",FALSE,,"<a href=""http://twitter.com/download/iphone"" rel=""nofollow"">Twitter for iPhone</a>",1614766918702960600,1614766918702960640,468586302,468586302,IDV_EC,,,,NA,FALSE,6,46,FALSE,NA,FALSE,NA,es,FALSE,NA,131,NA,,NA,NA,,NA,NA,NA,NA,NA,NA,NA,NA,NA,NA
2023-01-15T23:30:08Z,1614766918702960600,1614766918702960640,"ğŸš¨ @BancoGuayaquil presenta:
1âƒ£1âƒ£ ğŸ“AlineaciÃ³n #IDV âš½ğŸƒğŸ†š @SanLorenzo  #UnClubDiferente                                                                           Encuentra la camiseta oficial de Independiente Del Valle en https://t.co/3S5mXN16vc https://t.co/tad7kThvoG","ğŸš¨ @BancoGuayaquil presenta:
1âƒ£1âƒ£ ğŸ“AlineaciÃ³n #IDV âš½ğŸƒğŸ†š @SanLorenzo  #UnClubDiferente                                                                           Encuentra la camiseta oficial de Independiente Del Valle en https://t.co/3S5mXN16vc https://t.co/tad7kThvoG",FALSE,,"<a href=""http://twitter.com/download/iphone"" rel=""nofollow"">Twitter for iPhone</a>",NA,NA,NA,NA,NA,,,,NA,FALSE,19,113,FALSE,NA,FALSE,NA,es,FALSE,NA,241,NA,,NA,NA,,NA,NA,NA,NA,NA,NA,NA,NA,NA,NA
2023-01-15T23:10:43Z,1614762029335875600,1614762029335875584,En cancha ğŸŸ llegamos ğŸšğŸ‘€ https://t.co/zdpdTtJ21a,En cancha ğŸŸ llegamos ğŸšğŸ‘€ https://t.co/zdpdTtJ21a,FALSE,,"<a href=""http://twitter.com/download/iphone"" rel=""nofollow"">Twitter for iPhone</a>",NA,NA,NA,NA,NA,,,,NA,FALSE,12,115,FALSE,NA,FALSE,NA,es,FALSE,NA,23,NA,,NA,NA,,NA,NA,NA,NA,NA,NA,NA,NA,NA,NA
2023-01-15T22:23:43Z,1614750204321828900,1614750204321828867,Primer partido del aÃ±o ğŸ˜ nos fuimos al estadio ğŸŸ ğŸ«¶ https://t.co/rP2CMunTmM,Primer partido del aÃ±o ğŸ˜ nos fuimos al estadio ğŸŸ ğŸ«¶ https://t.co/rP2CMunTmM,FALSE,,"<a href=""http://twitter.com/download/iphone"" rel=""nofollow"">Twitter for iPhone</a>",NA,NA,NA,NA,NA,,,,NA,FALSE,14,194,FALSE,NA,FALSE,NA,es,FALSE,NA,50,NA,,NA,NA,,NA,NA,NA,NA,NA,NA,NA,NA,NA,NA
2023-01-15T16:20:18Z,1614658744926802e3,1614658744926801922,Buenas buenas ğŸ‘‹ğŸ‘‹ ya llegamos ğŸ˜ gracias la bienvenida ğŸ¤— https://t.co/XgtmI931cn,Buenas buenas ğŸ‘‹ğŸ‘‹ ya llegamos ğŸ˜ gracias la bienvenida ğŸ¤— https://t.co/XgtmI931cn,FALSE,,"<a href=""http://twitter.com/download/iphone"" rel=""nofollow"">Twitter for iPhone</a>",NA,NA,NA,NA,NA,,,,NA,TRUE,8,105,FALSE,NA,FALSE,NA,es,FALSE,NA,54,NA,,1614657153112875e3,1614657153112875009,,NA,NA,NA,NA,NA,NA,NA,NA,NA,NA
2023-01-15T02:02:19Z,1614442829039779800,1614442829039779840,"PrÃ³ximo PartidoğŸ‘‡
ğŸ—“ 15 de Enero 
âš½ #IDV ğŸ†š @SanLorenzo  
ğŸ† @SerieRdeLP  ğŸ®  
â° 19h30
ğŸŸ Campus 
ğŸ“º @StarPlusLA https://t.co/UbnjS8mIaT","PrÃ³ximo PartidoğŸ‘‡
ğŸ—“ 15 de Enero 
âš½ #IDV ğŸ†š @SanLorenzo  
ğŸ† @SerieRdeLP  ğŸ®  
â° 19h30
ğŸŸ Campus 
ğŸ“º @StarPlusLA https://t.co/UbnjS8mIaT",FALSE,,"<a href=""http://twitter.com/download/iphone"" rel=""nofollow"">Twitter for iPhone</a>",NA,NA,NA,NA,NA,,,,NA,FALSE,12,108,FALSE,NA,FALSE,NA,es,FALSE,NA,105,NA,,NA,NA,,NA,NA,NA,NA,NA,NA,NA,NA,NA,NA
2023-01-14T23:57:50Z,1614411499090448400,1614411499090448384,"AcÃ¡ no parece de noche ğŸŒ™, sigamos ğŸ¤­ğŸ‹ï¸â€â™‚ï¸âš½ï¸ğŸƒâ€â™‚ï¸ https://t.co/COH6ZK3qkp","AcÃ¡ no parece de noche ğŸŒ™, sigamos ğŸ¤­ğŸ‹ï¸â€â™‚ï¸âš½ï¸ğŸƒâ€â™‚ï¸ https://t.co/COH6ZK3qkp",FALSE,,"<a href=""http://twitter.com/download/iphone"" rel=""nofollow"">Twitter for iPhone</a>",NA,NA,NA,NA,NA,,,,NA,FALSE,4,114,FALSE,NA,FALSE,NA,es,FALSE,NA,46,NA,,NA,NA,,NA,NA,NA,NA,NA,NA,NA,NA,NA,NA
2023-01-14T23:27:35Z,1614403885304627200,1614403885304627201,@pablitobad @Rafael_Tr3jo ğŸ«¶ğŸ¤ https://t.co/mGr44arJ1U,@pablitobad @Rafael_Tr3jo ğŸ«¶ğŸ¤ https://t.co/mGr44arJ1U,FALSE,,"<a href=""http://twitter.com/download/iphone"" rel=""nofollow"">Twitter for iPhone</a>",1614307446444490800,1614307446444490755,189896918,189896918,pablitobad,,,,NA,FALSE,1,4,FALSE,NA,FALSE,NA,und,FALSE,NA,28,NA,,NA,NA,,NA,NA,NA,NA,NA,NA,NA,NA,NA,NA
2023-01-14T23:27:23Z,1614403836222869500,1614403836222869504,@Rafael_Tr3jo ğŸ«¶ğŸ¤ https://t.co/8j3eY3jjaq,@Rafael_Tr3jo ğŸ«¶ğŸ¤ https://t.co/8j3eY3jjaq,FALSE,,"<a href=""http://twitter.com/download/iphone"" rel=""nofollow"">Twitter for iPhone</a>",1614288164331425800,1614288164331425792,716354369944424400,716354369944424449,Rafael_Tr3jo,,,,NA,FALSE,1,5,FALSE,NA,FALSE,NA,und,FALSE,NA,16,NA,,NA,NA,,NA,NA,NA,NA,NA,NA,NA,NA,NA,NA
2023-01-14T21:40:23Z,1614376910620094500,1614376910620094464,A entrenar ğŸ‹ï¸â€â™‚ï¸ğŸ¤¹â€â™‚ï¸ en ğŸ‡ºğŸ‡¾ https://t.co/4JlPu3Qwbp,A entrenar ğŸ‹ï¸â€â™‚ï¸ğŸ¤¹â€â™‚ï¸ en ğŸ‡ºğŸ‡¾ https://t.co/4JlPu3Qwbp,FALSE,,"<a href=""http://twitter.com/download/iphone"" rel=""nofollow"">Twitter for iPhone</a>",NA,NA,NA,NA,NA,,,,NA,FALSE,9,105,FALSE,NA,FALSE,NA,es,FALSE,NA,26,NA,,NA,NA,,NA,NA,NA,NA,NA,NA,NA,NA,NA,NA
2023-01-14T17:57:41Z,1614320866791153700,1614320866791153666,"Afinando todos los detalles desde el equipoâš½ï¸ğŸƒâ€â™‚ï¸, hasta la producciÃ³n ğŸ“½ @JuanGonzalezTv 
#IDV On Tour ğŸ¸Pretemporada ğŸ‡ºğŸ‡¾ğŸ‡¦ğŸ‡· https://t.co/wLdPYMJkSI","Afinando todos los detalles desde el equipoâš½ï¸ğŸƒâ€â™‚ï¸, hasta la producciÃ³n ğŸ“½ @JuanGonzalezTv 
#IDV On Tour ğŸ¸Pretemporada ğŸ‡ºğŸ‡¾ğŸ‡¦ğŸ‡· https://t.co/wLdPYMJkSI",FALSE,,"<a href=""http://twitter.com/download/iphone"" rel=""nofollow"">Twitter for iPhone</a>",NA,NA,NA,NA,NA,,,,NA,FALSE,18,80,FALSE,NA,FALSE,NA,es,FALSE,NA,121,NA,,NA,NA,,NA,NA,NA,NA,NA,NA,NA,NA,NA,NA
2023-01-14T12:21:56Z,1614236371484397600,1614236371484397569,Hola ğŸ‡ºğŸ‡¾ ğŸ›¬ buenos dÃ­as â˜€ï¸ğŸ«¶ğŸ‡ªğŸ‡¨ https://t.co/wC1NF9Nd1i,Hola ğŸ‡ºğŸ‡¾ ğŸ›¬ buenos dÃ­as â˜€ï¸ğŸ«¶ğŸ‡ªğŸ‡¨ https://t.co/wC1NF9Nd1i,FALSE,,"<a href=""http://twitter.com/download/iphone"" rel=""nofollow"">Twitter for iPhone</a>",NA,NA,NA,NA,NA,,,,NA,FALSE,22,263,FALSE,NA,FALSE,NA,es,FALSE,NA,27,NA,,NA,NA,,NA,NA,NA,NA,NA,NA,NA,NA,NA,NA
2023-01-13T23:20:01Z,1614039595452088300,1614039595452088322,"Uruguay ğŸ‡ºğŸ‡¾ nos fuimos paâ€™ allÃ¡ ğŸ›«
#IDV On Tour ğŸ¸ https://t.co/AwkUMaW506","Uruguay ğŸ‡ºğŸ‡¾ nos fuimos paâ€™ allÃ¡ ğŸ›«
#IDV On Tour ğŸ¸ https://t.co/AwkUMaW506",FALSE,,"<a href=""http://twitter.com/download/iphone"" rel=""nofollow"">Twitter for iPhone</a>",NA,NA,NA,NA,NA,,,,NA,FALSE,11,126,FALSE,NA,FALSE,NA,es,FALSE,NA,47,NA,,NA,NA,,NA,NA,NA,NA,NA,NA,NA,NA,NA,NA
2023-01-13T15:35:22Z,1613922660701847600,1613922660701847557,"- Â¿Salimos hoy?
- No puedo, es viernes 13ğŸˆâ€â¬›.
- Â¿Eres supersticioso?
- No, me pagan hasta el 15. Y tengo un Abonito que comprar ğŸ¤­
No me casoğŸ¤µâ€â™‚ï¸ğŸ‘°â€â™€ï¸, no me embarcoğŸ›³, me abono ğŸ«¶ https://t.co/gHo9adO8aM","- Â¿Salimos hoy?
- No puedo, es viernes 13ğŸˆâ€â¬›.
- Â¿Eres supersticioso?
- No, me pagan hasta el 15. Y tengo un Abonito que comprar ğŸ¤­
No me casoğŸ¤µâ€â™‚ï¸ğŸ‘°â€â™€ï¸, no me embarcoğŸ›³, me abono ğŸ«¶ https://t.co/gHo9adO8aM",FALSE,,"<a href=""http://twitter.com/download/iphone"" rel=""nofollow"">Twitter for iPhone</a>",NA,NA,NA,NA,NA,,,,NA,FALSE,10,57,FALSE,NA,FALSE,NA,es,FALSE,NA,176,NA,,NA,NA,,NA,NA,NA,NA,NA,NA,NA,NA,NA,NA
2023-01-13T14:28:33Z,1613905848878628900,1613905848878628869,"Paaaaa Tipoooss comooo yooooooooo ğŸ¤© y como tÃº uuuuuuu ğŸ¤
Vive el #IDV Fan Club #IDVFC
â¡ï¸ 15 Partidos @LigaProEC 
â¡ï¸ 3 Partidos @Libertadores 
ğŸ… 1 @ConmebolRecopa 
ğŸ¸ Beneficios Exclusivos ğŸ”
Vive la Experiencia #IDV 
ğŸ‘ŠğŸ˜ Tribuna 9âƒ£9âƒ£âºï¸9âƒ£9âƒ£
ğŸ’» https://t.co/ZhTmXxEhut https://t.co/u12UZaeFQH","Paaaaa Tipoooss comooo yooooooooo ğŸ¤© y como tÃº uuuuuuu ğŸ¤
Vive el #IDV Fan Club #IDVFC
â¡ï¸ 15 Partidos @LigaProEC 
â¡ï¸ 3 Partidos @Libertadores 
ğŸ… 1 @ConmebolRecopa 
ğŸ¸ Beneficios Exclusivos ğŸ”
Vive la Experiencia #IDV 
ğŸ‘ŠğŸ˜ Tribuna 9âƒ£9âƒ£âºï¸9âƒ£9âƒ£
ğŸ’» https://t.co/ZhTmXxEhut https://t.co/u12UZaeFQH",FALSE,,"<a href=""http://twitter.com/download/iphone"" rel=""nofollow"">Twitter for iPhone</a>",NA,NA,NA,NA,NA,,,,NA,FALSE,20,133,FALSE,NA,FALSE,NA,es,FALSE,NA,261,NA,,NA,NA,,NA,NA,NA,NA,NA,NA,NA,NA,NA,NA
2023-01-12T21:42:56Z,1613652775090495500,1613652775090495496,"Aunque tenÃ­a contrato para el 2023 quisimos renovar al Mago ğŸ§™â€â™‚ï¸ y lo tendremos hasta el 2026 ğŸ¸. Hay LOLO paÂ´ rato. 
#IDV #UnClubDiferente https://t.co/yAZnyu2T2G","Aunque tenÃ­a contrato para el 2023 quisimos renovar al Mago ğŸ§™â€â™‚ï¸ y lo tendremos hasta el 2026 ğŸ¸. Hay LOLO paÂ´ rato. 
#IDV #UnClubDiferente https://t.co/yAZnyu2T2G",FALSE,,"<a href=""http://twitter.com/download/iphone"" rel=""nofollow"">Twitter for iPhone</a>",NA,NA,NA,NA,NA,,,,NA,FALSE,72,587,FALSE,NA,FALSE,NA,es,FALSE,NA,138,NA,,NA,NA,,NA,NA,NA,NA,NA,NA,NA,NA,NA,NA
2023-01-12T21:06:13Z,1613643535873368e3,1613643535873368067,"AcompÃ¡Ã±ame a ver esta historia del Magic ğŸ§™â€â™‚ï¸@JuanGonzalezTv leyendo el salPique de las redes ğŸ¥¸.  

Â¿Â¿CuÃ¡l serÃ¡ el desenlace??? https://t.co/CotjAQaTeK","AcompÃ¡Ã±ame a ver esta historia del Magic ğŸ§™â€â™‚ï¸@JuanGonzalezTv leyendo el salPique de las redes ğŸ¥¸.  

Â¿Â¿CuÃ¡l serÃ¡ el desenlace??? https://t.co/CotjAQaTeK",FALSE,,"<a href=""http://twitter.com/download/iphone"" rel=""nofollow"">Twitter for iPhone</a>",NA,NA,NA,NA,NA,,,,NA,FALSE,27,162,FALSE,NA,FALSE,NA,es,FALSE,NA,127,NA,,NA,NA,,NA,NA,NA,NA,NA,NA,NA,NA,NA,NA
2023-01-12T17:17:54Z,1613586076337148e3,1613586076337147961,Empieza la Session # ğŸ§ https://t.co/2eEMOR8iEI https://t.co/JyfRrgXGyI,Empieza la Session # ğŸ§ https://t.co/2eEMOR8iEI https://t.co/JyfRrgXGyI,FALSE,,"<a href=""http://twitter.com/download/iphone"" rel=""nofollow"">Twitter for iPhone</a>",NA,NA,NA,NA,NA,,,,NA,FALSE,17,125,FALSE,NA,FALSE,NA,es,FALSE,NA,46,NA,,NA,NA,,NA,NA,NA,NA,NA,NA,NA,NA,NA,NA
2023-01-11T21:37:02Z,1613288901333995500,1613288901333995526,Se vieneeeeee el #IDV Fan Club #IDVFC ğŸ”‹ todos los detalles maÃ±ana en nuestras redes ğŸ¤ğŸ”œ https://t.co/UJBI0lsqpA,Se vieneeeeee el #IDV Fan Club #IDVFC ğŸ”‹ todos los detalles maÃ±ana en nuestras redes ğŸ¤ğŸ”œ https://t.co/UJBI0lsqpA,FALSE,,"<a href=""http://twitter.com/download/iphone"" rel=""nofollow"">Twitter for iPhone</a>",NA,NA,NA,NA,NA,,,,NA,FALSE,12,105,FALSE,NA,FALSE,NA,es,FALSE,NA,86,NA,,NA,NA,,NA,NA,NA,NA,NA,NA,NA,NA,NA,NA
2023-01-11T19:55:22Z,1613263316272689200,1613263316272689158,"No sÃ© si es noche o es dÃ­ağŸ¤”, fundaciÃ³n o re fundaciÃ³nğŸ¤¨. Pero le entramos a los festejos, felices 93 aÃ±os ğŸ‚ @LDU_Oficial. https://t.co/Zp69DhmzKP","No sÃ© si es noche o es dÃ­ağŸ¤”, fundaciÃ³n o re fundaciÃ³nğŸ¤¨. Pero le entramos a los festejos, felices 93 aÃ±os ğŸ‚ @LDU_Oficial. https://t.co/Zp69DhmzKP",FALSE,,"<a href=""https://mobile.twitter.com"" rel=""nofollow"">Twitter Web App</a>",NA,NA,NA,NA,NA,,,,NA,FALSE,212,3088,FALSE,NA,FALSE,NA,es,FALSE,NA,120,NA,,NA,NA,,NA,NA,NA,NA,NA,NA,NA,NA,NA,NA
2023-01-11T18:30:21Z,1613241921610080300,1613241921610080257,M Anselmi: Gozamos con ver a los niÃ±os  y la familia en el estadio ğŸŸ  Se viene el IDV Fan Club #IDVFC un Club de Abonados ğŸ” ( En Breve mÃ¡s Detalles ) https://t.co/cgcFTlXET2,M Anselmi: Gozamos con ver a los niÃ±os  y la familia en el estadio ğŸŸ  Se viene el IDV Fan Club #IDVFC un Club de Abonados ğŸ” ( En Breve mÃ¡s Detalles ) https://t.co/cgcFTlXET2,FALSE,,"<a href=""http://twitter.com/download/iphone"" rel=""nofollow"">Twitter for iPhone</a>",NA,NA,NA,NA,NA,,,,NA,FALSE,9,64,FALSE,NA,FALSE,NA,es,FALSE,NA,149,NA,,NA,NA,,NA,NA,NA,NA,NA,NA,NA,NA,NA,NA
2023-01-11T17:57:33Z,1613233668264284200,1613233668264284160,"Los refuerzos presentados ğŸ˜
LandÃ¡zuri
Hoyos
RodrÃ­guez 
Alcivar
Cabezas 
GarcÃ­a Basso 
Cortez 
ğŸ¤ Nivel de ilusiÃ³n ğŸ’¯ğŸ«¶
Sala de Prensa @Chubb_Seguros 
#EstadioBancoGuayaquil https://t.co/U5yZkPv8RB","Los refuerzos presentados ğŸ˜
LandÃ¡zuri
Hoyos
RodrÃ­guez 
Alcivar
Cabezas 
GarcÃ­a Basso 
Cortez 
ğŸ¤ Nivel de ilusiÃ³n ğŸ’¯ğŸ«¶
Sala de Prensa @Chubb_Seguros 
#EstadioBancoGuayaquil https://t.co/U5yZkPv8RB",FALSE,,"<a href=""http://twitter.com/download/iphone"" rel=""nofollow"">Twitter for iPhone</a>",NA,NA,NA,NA,NA,,,,NA,FALSE,17,111,FALSE,NA,FALSE,NA,es,FALSE,NA,169,NA,,NA,NA,,NA,NA,NA,NA,NA,NA,NA,NA,NA,NA
2023-01-11T17:52:52Z,1613232487240458200,1613232487240458260,R Arroyo : El dÃ­a viernes el equipo viajarÃ¡ ğŸ›« a Montevideo ğŸ‡ºğŸ‡¾ en el proceso de Pretemporada para tener ritmo y enfrentar el 2023 de la mejor manera https://t.co/az9fVcMcqi,R Arroyo : El dÃ­a viernes el equipo viajarÃ¡ ğŸ›« a Montevideo ğŸ‡ºğŸ‡¾ en el proceso de Pretemporada para tener ritmo y enfrentar el 2023 de la mejor manera https://t.co/az9fVcMcqi,FALSE,,"<a href=""http://twitter.com/download/iphone"" rel=""nofollow"">Twitter for iPhone</a>",NA,NA,NA,NA,NA,,,,NA,FALSE,7,44,FALSE,NA,FALSE,NA,es,FALSE,NA,147,NA,,NA,NA,,NA,NA,NA,NA,NA,NA,NA,NA,NA,NA
2023-01-11T17:42:18Z,1613229829197004800,1613229829197004801,"Rueda de Prensa ğŸ™ | PresentaciÃ³n de jugadores, pretemporada y anuncios institucionales ğŸ¤ğŸ˜

https://t.co/vqgtPw41a4","Rueda de Prensa ğŸ™ | PresentaciÃ³n de jugadores, pretemporada y anuncios institucionales ğŸ¤ğŸ˜

https://t.co/vqgtPw41a4",FALSE,,"<a href=""http://twitter.com/download/iphone"" rel=""nofollow"">Twitter for iPhone</a>",NA,NA,NA,NA,NA,,,,NA,FALSE,3,19,FALSE,NA,FALSE,NA,es,FALSE,NA,114,NA,,NA,NA,,NA,NA,NA,NA,NA,NA,NA,NA,NA,NA
2023-01-10T21:08:12Z,1612919257754378200,1612919257754378254,"Rueda de Prensa ğŸ™| 
#IDV invita a los medios de ComunicaciÃ³n a la 1era Rueda de prensa del aÃ±o. Los esperamos ğŸ¤ https://t.co/qde81F448x","Rueda de Prensa ğŸ™| 
#IDV invita a los medios de ComunicaciÃ³n a la 1era Rueda de prensa del aÃ±o. Los esperamos ğŸ¤ https://t.co/qde81F448x",FALSE,,"<a href=""http://twitter.com/download/iphone"" rel=""nofollow"">Twitter for iPhone</a>",NA,NA,NA,NA,NA,,,,NA,FALSE,12,74,FALSE,NA,FALSE,NA,es,FALSE,NA,111,NA,,NA,NA,,NA,NA,NA,NA,NA,NA,NA,NA,NA,NA
2023-01-10T16:00:42Z,1612841874271916e3,1612841874271916034,"Â¡La votaciÃ³n del TOTY en #FIFA23 ya estÃ¡ abierta! âœï¸
Conozcan todos los nominados y voten por sus favoritos para definir el #TOTY ğŸ†
Vota aquÃ­:  https://t.co/MGyYiAzsqS https://t.co/wwW87aEqMF","Â¡La votaciÃ³n del TOTY en #FIFA23 ya estÃ¡ abierta! âœï¸
Conozcan todos los nominados y voten por sus favoritos para definir el #TOTY ğŸ†
Vota aquÃ­:  https://t.co/MGyYiAzsqS https://t.co/wwW87aEqMF",FALSE,,"<a href=""http://twitter.com/download/iphone"" rel=""nofollow"">Twitter for iPhone</a>",NA,NA,NA,NA,NA,,,,NA,FALSE,3,41,FALSE,NA,FALSE,NA,es,FALSE,NA,167,NA,,NA,NA,,NA,NA,NA,NA,NA,NA,NA,NA,NA,NA
2023-01-10T14:45:46Z,1612823014848053200,1612823014848053248,"ğŸ‚ Feliz CumpleaÃ±os Youri  ğŸ
ğŸ‘‡ EnvÃ­ale un gran saludo ğŸ‘‡
#UnClubDiferente https://t.co/uRAoSYPR4Y","ğŸ‚ Feliz CumpleaÃ±os Youri  ğŸ
ğŸ‘‡ EnvÃ­ale un gran saludo ğŸ‘‡
#UnClubDiferente https://t.co/uRAoSYPR4Y",FALSE,,"<a href=""http://twitter.com/download/iphone"" rel=""nofollow"">Twitter for iPhone</a>",NA,NA,NA,NA,NA,,,,NA,FALSE,4,81,FALSE,NA,FALSE,NA,es,FALSE,NA,71,NA,,NA,NA,,NA,NA,NA,NA,NA,NA,NA,NA,NA,NA
2023-01-09T22:47:06Z,1612581758255382500,1612581758255382528,"A trabajar âš½ï¸ğŸƒâ€â™‚ï¸, a trabajar ğŸ‹ï¸ğŸ’¨ que lo bueno estÃ¡ por empezar #IDV Pretemporada 23 https://t.co/zAi9HDL2W7","A trabajar âš½ï¸ğŸƒâ€â™‚ï¸, a trabajar ğŸ‹ï¸ğŸ’¨ que lo bueno estÃ¡ por empezar #IDV Pretemporada 23 https://t.co/zAi9HDL2W7",FALSE,,"<a href=""http://twitter.com/download/iphone"" rel=""nofollow"">Twitter for iPhone</a>",NA,NA,NA,NA,NA,,,,NA,FALSE,15,163,FALSE,NA,FALSE,NA,es,FALSE,NA,84,NA,,NA,NA,,NA,NA,NA,NA,NA,NA,NA,NA,NA,NA
2023-01-08T03:22:18Z,1611926242420297700,1611926242420297728,"La familia #IDV expresa su nota de pesar ante el sensible fallecimiento de Gerson de Oliveira , ex jugador de nuestra instituciÃ³n . Mucha fuerza y paz a su flia. ğŸ’ https://t.co/XbKKbuMoCi","La familia #IDV expresa su nota de pesar ante el sensible fallecimiento de Gerson de Oliveira , ex jugador de nuestra instituciÃ³n . Mucha fuerza y paz a su flia. ğŸ’ https://t.co/XbKKbuMoCi",FALSE,,"<a href=""http://twitter.com/download/iphone"" rel=""nofollow"">Twitter for iPhone</a>",NA,NA,NA,NA,NA,,,,NA,FALSE,6,92,FALSE,NA,FALSE,NA,es,FALSE,NA,163,NA,,NA,NA,,NA,NA,NA,NA,NA,NA,NA,NA,NA,NA
2023-01-07T16:42:42Z,1611765279796723700,1611765279796723713,"Profesor quÃ© gusto ğŸ¤
Muchachos a vamos ahÃ­ ğŸƒâ€â™‚ï¸âš½ï¸
ğŸ“¸ @pressouthec https://t.co/uKTu4V93Ug","Profesor quÃ© gusto ğŸ¤
Muchachos a vamos ahÃ­ ğŸƒâ€â™‚ï¸âš½ï¸
ğŸ“¸ @pressouthec https://t.co/uKTu4V93Ug",FALSE,,"<a href=""http://twitter.com/download/iphone"" rel=""nofollow"">Twitter for iPhone</a>",NA,NA,NA,NA,NA,,,,NA,FALSE,5,103,FALSE,NA,FALSE,NA,es,FALSE,NA,64,NA,,NA,NA,,NA,NA,NA,NA,NA,NA,NA,NA,NA,NA
2023-01-07T15:24:10Z,1.6117455151121121e+18,1611745515112112130,Buen dÃ­a â˜€ï¸ ğŸ‡ªğŸ‡¨ ğŸ•·ğŸ¦ŠğŸ¸ https://t.co/MDtKjWWm0n,Buen dÃ­a â˜€ï¸ ğŸ‡ªğŸ‡¨ ğŸ•·ğŸ¦ŠğŸ¸ https://t.co/MDtKjWWm0n,FALSE,,"<a href=""http://twitter.com/download/iphone"" rel=""nofollow"">Twitter for iPhone</a>",NA,NA,NA,NA,NA,,,,NA,FALSE,5,152,FALSE,NA,FALSE,NA,es,FALSE,NA,18,NA,,NA,NA,,NA,NA,NA,NA,NA,NA,NA,NA,NA,NA
2023-01-07T14:09:34Z,1611726740715458600,1611726740715458565,"Mira de cerca el presente que estÃ¡s construyendo, porque debe parecerse al futuro con el que sueÃ±as. 
Gracias Johanner por hacernos parte de tu historia ğŸ«¶ Ã©xitos en este nuevo reto âœŒï¸ğŸ˜. A cuidarlo @ECBahia ğŸ¤ https://t.co/4YlmAIp4Fn","Mira de cerca el presente que estÃ¡s construyendo, porque debe parecerse al futuro con el que sueÃ±as. 
Gracias Johanner por hacernos parte de tu historia ğŸ«¶ Ã©xitos en este nuevo reto âœŒï¸ğŸ˜. A cuidarlo @ECBahia ğŸ¤ https://t.co/4YlmAIp4Fn",FALSE,,"<a href=""http://twitter.com/download/iphone"" rel=""nofollow"">Twitter for iPhone</a>",NA,NA,NA,NA,NA,,,,NA,FALSE,118,2176,FALSE,NA,FALSE,NA,es,FALSE,NA,207,NA,,NA,NA,,NA,NA,NA,NA,NA,NA,NA,NA,NA,NA
2023-01-06T21:07:56Z,1611469641867579400,1611469641867579396,"Revive la llegada del equipo al #EstadioBancoGuayaquil empieza la puesta a punto para este 2023 ğŸƒâ€â™‚ï¸
PD. ğŸ—£Se aceptan saluditos a los Muchachos ğŸ«¶ https://t.co/0QXgUWlmvj","Revive la llegada del equipo al #EstadioBancoGuayaquil empieza la puesta a punto para este 2023 ğŸƒâ€â™‚ï¸
PD. ğŸ—£Se aceptan saluditos a los Muchachos ğŸ«¶ https://t.co/0QXgUWlmvj",FALSE,,"<a href=""http://twitter.com/download/iphone"" rel=""nofollow"">Twitter for iPhone</a>",NA,NA,NA,NA,NA,,,,NA,FALSE,23,212,FALSE,NA,FALSE,NA,es,FALSE,NA,144,NA,,NA,NA,,NA,NA,NA,NA,NA,NA,NA,NA,NA,NA
2023-01-06T18:31:37Z,1611430299891638300,1611430299891638273,Belleza mi Rey ğŸ‘‘ https://t.co/0p0Ug8reUm,Belleza mi Rey ğŸ‘‘ https://t.co/0p0Ug8reUm,FALSE,,"<a href=""https://mobile.twitter.com"" rel=""nofollow"">Twitter Web App</a>",NA,NA,NA,NA,NA,,,,NA,TRUE,3,67,FALSE,NA,FALSE,NA,es,FALSE,NA,16,NA,,1611372778011197400,1611372778011197442,,NA,NA,NA,NA,NA,NA,NA,NA,NA,NA
2023-01-05T21:16:45Z,1611109469907206100,1611109469907206144,"Gracias Yoya por todo !!! Tu profesionalismo y excelente forma de ser, te harÃ¡ disfrutar de tus nuevos retos âœŒï¸ğŸ˜ https://t.co/TSSWZKHgQ2","Gracias Yoya por todo !!! Tu profesionalismo y excelente forma de ser, te harÃ¡ disfrutar de tus nuevos retos âœŒï¸ğŸ˜ https://t.co/TSSWZKHgQ2",FALSE,,"<a href=""http://twitter.com/download/iphone"" rel=""nofollow"">Twitter for iPhone</a>",NA,NA,NA,NA,NA,,,,NA,FALSE,11,181,FALSE,NA,FALSE,NA,es,FALSE,NA,112,NA,,NA,NA,,NA,NA,NA,NA,NA,NA,NA,NA,NA,NA
2023-01-05T19:42:25Z,1611085731169976300,1611085731169976321,"Ser periodista es ver pasar la historia, con boleto de primera fila. Feliz DÃ­a del Periodista Ecuatoriano ğŸ—ğŸ“°ğŸ™ https://t.co/19ujrKu7EU","Ser periodista es ver pasar la historia, con boleto de primera fila. Feliz DÃ­a del Periodista Ecuatoriano ğŸ—ğŸ“°ğŸ™ https://t.co/19ujrKu7EU",FALSE,,"<a href=""http://twitter.com/download/iphone"" rel=""nofollow"">Twitter for iPhone</a>",NA,NA,NA,NA,NA,,,,NA,FALSE,3,58,FALSE,NA,FALSE,NA,es,FALSE,NA,109,NA,,NA,NA,,NA,NA,NA,NA,NA,NA,NA,NA,NA,NA
2023-01-05T19:11:43Z,1611078006813909e3,1611078006813909005,Vamos @LaTri ğŸ‡ªğŸ‡¨ https://t.co/YrOXowEP7m,Vamos @LaTri ğŸ‡ªğŸ‡¨ https://t.co/YrOXowEP7m,FALSE,,"<a href=""http://twitter.com/download/iphone"" rel=""nofollow"">Twitter for iPhone</a>",NA,NA,NA,NA,NA,,,,NA,TRUE,4,56,FALSE,NA,FALSE,NA,es,FALSE,NA,15,NA,,1611069867578298400,1611069867578298385,,NA,NA,NA,NA,NA,NA,NA,NA,NA,NA
2023-01-05T17:17:05Z,1611049157636022300,1611049157636022274,"Gente linda  de las redes Mateo me pidiÃ³ que en esta foto ğŸ“¸ me ayuden sacando al joven de atrÃ¡s ğŸ˜œ?
ğŸ«¶Las redes harÃ¡n lo suyo ğŸ˜ğŸ˜œ https://t.co/Hv0mbje3Zu","Gente linda  de las redes Mateo me pidiÃ³ que en esta foto ğŸ“¸ me ayuden sacando al joven de atrÃ¡s ğŸ˜œ?
ğŸ«¶Las redes harÃ¡n lo suyo ğŸ˜ğŸ˜œ https://t.co/Hv0mbje3Zu",FALSE,,"<a href=""http://twitter.com/download/iphone"" rel=""nofollow"">Twitter for iPhone</a>",NA,NA,NA,NA,NA,,,,NA,FALSE,36,585,FALSE,NA,FALSE,NA,es,FALSE,NA,126,NA,,NA,NA,,NA,NA,NA,NA,NA,NA,NA,NA,NA,NA
2023-01-05T16:59:31Z,1611044735761645600,1611044735761645575,LlegÃ³ la banda del IDVğŸ¥ con rock and Rola ğŸ”Š y el ğŸ¦Š Activados ğŸ”‹ (Pd. ğŸ“¢ Que el CM ya que empiece a trabajarğŸ«¶ğŸ¥¸) https://t.co/XWB2dQvcjh,LlegÃ³ la banda del IDVğŸ¥ con rock and Rola ğŸ”Š y el ğŸ¦Š Activados ğŸ”‹ (Pd. ğŸ“¢ Que el CM ya que empiece a trabajarğŸ«¶ğŸ¥¸) https://t.co/XWB2dQvcjh,FALSE,,"<a href=""http://twitter.com/download/iphone"" rel=""nofollow"">Twitter for iPhone</a>",NA,NA,NA,NA,NA,,,,NA,FALSE,21,175,FALSE,NA,FALSE,NA,es,FALSE,NA,108,NA,,NA,NA,,NA,NA,NA,NA,NA,NA,NA,NA,NA,NA
2023-01-05T16:48:07Z,1611041867172577300,1611041867172577280,Un nuevo ğŸ†• integrante se une a nuestra FamiliağŸ¤—.  Bienvenido Esnaider Cabezas a #UnClubDiferente https://t.co/butpLN3Us5,Un nuevo ğŸ†• integrante se une a nuestra FamiliağŸ¤—.  Bienvenido Esnaider Cabezas a #UnClubDiferente https://t.co/butpLN3Us5,FALSE,,"<a href=""http://twitter.com/download/iphone"" rel=""nofollow"">Twitter for iPhone</a>",NA,NA,NA,NA,NA,,,,NA,FALSE,30,188,FALSE,NA,FALSE,NA,es,FALSE,NA,96,NA,,NA,NA,,NA,NA,NA,NA,NA,NA,NA,NA,NA,NA
2023-01-03T17:29:08Z,1610327413594148900,1610327413594148866,"Parece que fue hace mucho tiempoğŸ¤ , y con tu aporte al club â­ï¸â­ï¸â­ï¸â­ï¸ mÃ¡s ğŸ«¶. Pero llegÃ³ tu momento de brillar y crecer lejos del paÃ­sğŸ¥¹. Mucha suerte y Ã©xitos ğŸ‘Œen tus nuevos retos Luchito estÃ¡ siempre serÃ¡ tu casa ğŸ¡ https://t.co/QbLoFxRYk6","Parece que fue hace mucho tiempoğŸ¤ , y con tu aporte al club â­ï¸â­ï¸â­ï¸â­ï¸ mÃ¡s ğŸ«¶. Pero llegÃ³ tu momento de brillar y crecer lejos del paÃ­sğŸ¥¹. Mucha suerte y Ã©xitos ğŸ‘Œen tus nuevos retos Luchito estÃ¡ siempre serÃ¡ tu casa ğŸ¡ https://t.co/QbLoFxRYk6",FALSE,,"<a href=""http://twitter.com/download/iphone"" rel=""nofollow"">Twitter for iPhone</a>",NA,NA,NA,NA,NA,,,,NA,FALSE,24,308,FALSE,NA,FALSE,NA,es,FALSE,NA,213,NA,,NA,NA,,NA,NA,NA,NA,NA,NA,NA,NA,NA,NA
2023-01-03T16:11:22Z,1610307842547802e3,1610307842547802113,"#IDV on Tour ğŸ¸ Pretemporada 2023ğŸ›«
Fechas Confirmadas ğŸ‘ŠğŸ˜

Serie RÃ­o de la Plata Uruguay ğŸ‡ºğŸ‡¾
 Fecha        Rival                  Lugar
ğŸ—“ï¸15/1 ğŸ†š @SanLorenzo en ğŸ‡ºğŸ‡¾
ğŸ—“ï¸18/1 ğŸ†š @maldosad en ğŸ‡ºğŸ‡¾

Noche del LeÃ³n ğŸ¦ ArgentinağŸ‡¦ğŸ‡·
ğŸ—“ï¸21/1 ğŸ†š @EdelpOficial en ğŸ‡¦ğŸ‡· https://t.co/YoXqAOIhcG","#IDV on Tour ğŸ¸ Pretemporada 2023ğŸ›«
Fechas Confirmadas ğŸ‘ŠğŸ˜

Serie RÃ­o de la Plata Uruguay ğŸ‡ºğŸ‡¾
 Fecha        Rival                  Lugar
ğŸ—“ï¸15/1 ğŸ†š @SanLorenzo en ğŸ‡ºğŸ‡¾
ğŸ—“ï¸18/1 ğŸ†š @maldosad en ğŸ‡ºğŸ‡¾

Noche del LeÃ³n ğŸ¦ ArgentinağŸ‡¦ğŸ‡·
ğŸ—“ï¸21/1 ğŸ†š @EdelpOficial en ğŸ‡¦ğŸ‡· https://t.co/YoXqAOIhcG",FALSE,,"<a href=""https://mobile.twitter.com"" rel=""nofollow"">Twitter Web App</a>",NA,NA,NA,NA,NA,,,,NA,FALSE,39,151,FALSE,NA,FALSE,NA,es,FALSE,NA,243,NA,,NA,NA,,NA,NA,NA,NA,NA,NA,NA,NA,NA,NA
2023-01-01T17:41:30Z,1609605751240298500,1609605751240298497,Es hoy !!! Es hoy !!!! ğŸ½ El dÃ­a mundial del Recalentado ğŸ«¶âœŒï¸ğŸ˜ https://t.co/3ao1AUlNPF,Es hoy !!! Es hoy !!!! ğŸ½ El dÃ­a mundial del Recalentado ğŸ«¶âœŒï¸ğŸ˜ https://t.co/3ao1AUlNPF,FALSE,,"<a href=""http://twitter.com/download/iphone"" rel=""nofollow"">Twitter for iPhone</a>",NA,NA,NA,NA,NA,,,,NA,FALSE,7,111,FALSE,NA,FALSE,NA,es,FALSE,NA,60,NA,,NA,NA,,NA,NA,NA,NA,NA,NA,NA,NA,NA,NA
2023-01-01T17:33:54Z,1609603836716658700,1609603836716658688,Un aÃ±o y medio para vivir juntos grandes experiencias y logros â­ï¸â­ï¸â­ï¸ğŸ«¶. Gracias por tu profesionalismo y tu amistadâœŒï¸ğŸ˜!! Suerte Fernando en tus prÃ³ximos retos ğŸ¤ https://t.co/tupz4z3ugo,Un aÃ±o y medio para vivir juntos grandes experiencias y logros â­ï¸â­ï¸â­ï¸ğŸ«¶. Gracias por tu profesionalismo y tu amistadâœŒï¸ğŸ˜!! Suerte Fernando en tus prÃ³ximos retos ğŸ¤ https://t.co/tupz4z3ugo,FALSE,,"<a href=""http://twitter.com/download/iphone"" rel=""nofollow"">Twitter for iPhone</a>",NA,NA,NA,NA,NA,,,,NA,FALSE,29,615,FALSE,NA,FALSE,NA,es,FALSE,NA,160,NA,,NA,NA,,NA,NA,NA,NA,NA,NA,NA,NA,NA,NA
2023-01-01T05:11:47Z,1609417077936242700,1609417077936242689,#NuevaFotoDePerfil https://t.co/5fPmE7NEsb,#NuevaFotoDePerfil https://t.co/5fPmE7NEsb,FALSE,,"<a href=""http://twitter.com/download/iphone"" rel=""nofollow"">Twitter for iPhone</a>",NA,NA,NA,NA,NA,,,,NA,FALSE,26,695,FALSE,NA,FALSE,NA,qme,FALSE,NA,18,NA,,NA,NA,,NA,NA,NA,NA,NA,NA,NA,NA,NA,NA
2023-01-01T05:02:18Z,1609414691759218700,1609414691759218689,"Gracias 2022 â­ï¸â­ï¸ğŸ¤!!! 
ğŸ† ğŸª„ğŸ«¶ Feliz AÃ±o Nuevo 2023 ğŸ¾ğŸ¥‚ https://t.co/6upukBRosg","Gracias 2022 â­ï¸â­ï¸ğŸ¤!!! 
ğŸ† ğŸª„ğŸ«¶ Feliz AÃ±o Nuevo 2023 ğŸ¾ğŸ¥‚ https://t.co/6upukBRosg",FALSE,,"<a href=""http://twitter.com/download/iphone"" rel=""nofollow"">Twitter for iPhone</a>",NA,NA,NA,NA,NA,,,,NA,FALSE,14,115,FALSE,NA,FALSE,NA,es,FALSE,NA,51,NA,,NA,NA,,NA,NA,NA,NA,NA,NA,NA,NA,NA,NA
2023-01-01T04:32:10Z,1609407107370991600,1609407107370991617,Se vaaaaa el 2022 que lindo fueeee Muchaaaaaachooooosssss ğŸ«¶â­ï¸â­ï¸ https://t.co/K2jwJwrRK2,Se vaaaaa el 2022 que lindo fueeee Muchaaaaaachooooosssss ğŸ«¶â­ï¸â­ï¸ https://t.co/K2jwJwrRK2,FALSE,,"<a href=""http://twitter.com/download/iphone"" rel=""nofollow"">Twitter for iPhone</a>",NA,NA,NA,NA,NA,,,,NA,FALSE,15,127,FALSE,NA,FALSE,NA,es,FALSE,NA,63,NA,,NA,NA,,NA,NA,NA,NA,NA,NA,NA,NA,NA,NA
2022-12-31T17:02:44Z,1609233607930912800,1609233607930912774,MenciÃ³n especial ğŸª„de cierre de aÃ±o a @DragonasIDV y @INDJRS_EC por sus Vice Campeonatos y por la primera participaciÃ³n internacional de las chicas ğŸ«¶ https://t.co/q02OyTgq3P,MenciÃ³n especial ğŸª„de cierre de aÃ±o a @DragonasIDV y @INDJRS_EC por sus Vice Campeonatos y por la primera participaciÃ³n internacional de las chicas ğŸ«¶ https://t.co/q02OyTgq3P,FALSE,,"<a href=""http://twitter.com/download/iphone"" rel=""nofollow"">Twitter for iPhone</a>",NA,NA,NA,NA,NA,,,,NA,FALSE,4,73,FALSE,NA,FALSE,NA,es,FALSE,NA,148,NA,,NA,NA,,NA,NA,NA,NA,NA,NA,NA,NA,NA,NA
2022-12-31T13:27:04Z,1609179330051035100,1609179330051035136,"Y para terminar bien el 2022 y comenzar mejor el AÃ±o Nuevo 2023 
La cereza ğŸ’ del pastel ğŸ‚ que nos dejÃ³ el equipo de primera, un Doblete 
â­ï¸ @CopaEcuador 
â­ï¸ @Sudamericana 
Que de la mano ğŸ¤š del Profe ğŸ‘¨â€ğŸ« Anselmi otra vuelta vamoooosss a darrrr https://t.co/tjx6IurZ7x https://t.co/7F9FzMGsbz","Y para terminar bien el 2022 y comenzar mejor el AÃ±o Nuevo 2023 
La cereza ğŸ’ del pastel ğŸ‚ que nos dejÃ³ el equipo de primera, un Doblete 
â­ï¸ @CopaEcuador 
â­ï¸ @Sudamericana 
Que de la mano ğŸ¤š del Profe ğŸ‘¨â€ğŸ« Anselmi otra vuelta vamoooosss a darrrr https://t.co/tjx6IurZ7x https://t.co/7F9FzMGsbz",FALSE,,"<a href=""http://twitter.com/download/iphone"" rel=""nofollow"">Twitter for iPhone</a>",NA,NA,NA,NA,NA,,,,NA,FALSE,27,178,FALSE,NA,FALSE,NA,es,FALSE,NA,266,NA,,NA,NA,,NA,NA,NA,NA,NA,NA,NA,NA,NA,NA
2022-12-30T22:36:45Z,1608955278258733e3,1608955278258733056,Y cÃ³mo olvidar a nuestra Sub 19 que se alzÃ³ con el tÃ­tulo nacional 2022 y obtuvo su clasificaciÃ³n a la @LibertadoresU20 2023 4/6 @IDV_Torneos https://t.co/I6FPy7y2Sd,Y cÃ³mo olvidar a nuestra Sub 19 que se alzÃ³ con el tÃ­tulo nacional 2022 y obtuvo su clasificaciÃ³n a la @LibertadoresU20 2023 4/6 @IDV_Torneos https://t.co/I6FPy7y2Sd,FALSE,,"<a href=""http://twitter.com/download/iphone"" rel=""nofollow"">Twitter for iPhone</a>",NA,NA,NA,NA,NA,,,,NA,FALSE,12,55,FALSE,NA,FALSE,NA,es,FALSE,NA,141,NA,,NA,NA,,NA,NA,NA,NA,NA,NA,NA,NA,NA,NA
2022-12-30T13:15:52Z,1608814126092152800,1608814126092152833,ContinÃºa el legado de este hermoso 2022 ğŸ«¶ y para seguir celebrando este aÃ±o homenajeamos a nuestra sub 17 campeones nacionales y campeones de la copa #Milo internacional @IDV_Torneos 3/6 https://t.co/RQzH3PsZ1L,ContinÃºa el legado de este hermoso 2022 ğŸ«¶ y para seguir celebrando este aÃ±o homenajeamos a nuestra sub 17 campeones nacionales y campeones de la copa #Milo internacional @IDV_Torneos 3/6 https://t.co/RQzH3PsZ1L,FALSE,,"<a href=""http://twitter.com/download/iphone"" rel=""nofollow"">Twitter for iPhone</a>",NA,NA,NA,NA,NA,,,,NA,FALSE,5,44,FALSE,NA,FALSE,NA,es,FALSE,NA,186,NA,,NA,NA,,NA,NA,NA,NA,NA,NA,NA,NA,NA,NA
2022-12-30T03:44:20Z,1608670294427971600,1608670294427971584,@MrOFFSIDER Siempre Bienvenidos a la casa ğŸ¡ #EstadioBancoGuayaquil https://t.co/jPXZioMH0M,@MrOFFSIDER Siempre Bienvenidos a la casa ğŸ¡ #EstadioBancoGuayaquil https://t.co/jPXZioMH0M,FALSE,,"<a href=""http://twitter.com/download/iphone"" rel=""nofollow"">Twitter for iPhone</a>",1608668314548445200,1608668314548445184,2392675136,2392675136,MrOFFSIDER,,,,NA,FALSE,0,6,FALSE,NA,FALSE,NA,es,FALSE,NA,66,NA,,NA,NA,,NA,NA,NA,NA,NA,NA,NA,NA,NA,NA
2022-12-30T03:35:40Z,1608668112626544600,1608668112626544642,ğŸ«¶ğŸ‘ğŸ»ğŸ˜­ https://t.co/Vi7A2j4yuG,ğŸ«¶ğŸ‘ğŸ»ğŸ˜­ https://t.co/Vi7A2j4yuG,FALSE,,"<a href=""http://twitter.com/download/iphone"" rel=""nofollow"">Twitter for iPhone</a>",NA,NA,NA,NA,NA,,,,NA,TRUE,7,165,FALSE,NA,FALSE,NA,art,FALSE,NA,4,NA,,1608659556745511e3,1608659556745510912,,NA,NA,NA,NA,NA,NA,NA,NA,NA,NA
2022-12-29T21:39:00Z,1608578355963793400,1608578355963793409,"Y decÃ­a el cartel : Hoy no trabajamos, porque vamos a ver a @Pele. 
Un hombre que paralizaba el mundo jugando al âš½ï¸ y tenÃ­a magia en sus ğŸ¦¶âš½ï¸â­ï¸â­ï¸â­ï¸ Simplemente el Rey ğŸ‘‘ https://t.co/HW3lO4NXvD","Y decÃ­a el cartel : Hoy no trabajamos, porque vamos a ver a @Pele. 
Un hombre que paralizaba el mundo jugando al âš½ï¸ y tenÃ­a magia en sus ğŸ¦¶âš½ï¸â­ï¸â­ï¸â­ï¸ Simplemente el Rey ğŸ‘‘ https://t.co/HW3lO4NXvD",FALSE,,"<a href=""http://twitter.com/download/iphone"" rel=""nofollow"">Twitter for iPhone</a>",NA,NA,NA,NA,NA,,,,NA,FALSE,41,243,FALSE,NA,FALSE,NA,es,FALSE,NA,167,NA,,NA,NA,,NA,NA,NA,NA,NA,NA,NA,NA,NA,NA
2022-12-29T19:33:28Z,1608546763044171800,1608546763044171779,El Rey ğŸ‘‘ nunca perderÃ¡ su majestad! Hasta siempre #ORei https://t.co/xr9hbLq9rQ,El Rey ğŸ‘‘ nunca perderÃ¡ su majestad! Hasta siempre #ORei https://t.co/xr9hbLq9rQ,FALSE,,"<a href=""http://twitter.com/download/iphone"" rel=""nofollow"">Twitter for iPhone</a>",NA,NA,NA,NA,NA,,,,NA,FALSE,58,769,FALSE,NA,FALSE,NA,es,FALSE,NA,55,NA,,NA,NA,,NA,NA,NA,NA,NA,NA,NA,NA,NA,NA
2022-12-29T16:00:04Z,1608493058991194e3,1608493058991194113,El LeÃ³n ğŸ¦ tiene su noche y nosotros alistamos las maletas ğŸ§³ y la cÃ¡mara ğŸ“¸ para visitarlos. @EdelpOficial confirmen el dress codeâ€¦ https://t.co/wzdmZmvY4A,El LeÃ³n ğŸ¦ tiene su noche y nosotros alistamos las maletas ğŸ§³ y la cÃ¡mara ğŸ“¸ para visitarlos. @EdelpOficial confirmen el dress codeâ€¦ https://t.co/wzdmZmvY4A,FALSE,,"<a href=""http://twitter.com/download/iphone"" rel=""nofollow"">Twitter for iPhone</a>",NA,NA,NA,NA,NA,,,,NA,FALSE,60,745,FALSE,NA,FALSE,NA,es,FALSE,NA,129,NA,,NA,NA,,NA,NA,NA,NA,NA,NA,NA,NA,NA,NA
2022-12-29T12:53:46Z,1608446174591156200,1608446174591156224,Seguimos con las formativas ğŸ’ y esta vez le toca el turno a la sub 15ğŸ«¶. Una categorÃ­a que logrÃ³ tambiÃ©n conseguir el tÃ­tulo y que tuvo una excelente participaciÃ³n nacional e internacional ğŸ†â­ï¸ 2/6 @IDV_Torneos https://t.co/rK2fl4Lt5K,Seguimos con las formativas ğŸ’ y esta vez le toca el turno a la sub 15ğŸ«¶. Una categorÃ­a que logrÃ³ tambiÃ©n conseguir el tÃ­tulo y que tuvo una excelente participaciÃ³n nacional e internacional ğŸ†â­ï¸ 2/6 @IDV_Torneos https://t.co/rK2fl4Lt5K,FALSE,,"<a href=""http://twitter.com/download/iphone"" rel=""nofollow"">Twitter for iPhone</a>",NA,NA,NA,NA,NA,,,,NA,FALSE,8,69,FALSE,NA,FALSE,NA,es,FALSE,NA,208,NA,,NA,NA,,NA,NA,NA,NA,NA,NA,NA,NA,NA,NA
2022-12-28T19:20:45Z,1608181175692177400,1608181175692177408,Nuestro amigo y colaborador Christopher DÃ­az se encuentra desaparecido. AyÃºdanos a encontrarlo ğŸ™ğŸ» https://t.co/jCXuDNMXJ0,Nuestro amigo y colaborador Christopher DÃ­az se encuentra desaparecido. AyÃºdanos a encontrarlo ğŸ™ğŸ» https://t.co/jCXuDNMXJ0,FALSE,,"<a href=""http://twitter.com/download/iphone"" rel=""nofollow"">Twitter for iPhone</a>",NA,NA,NA,NA,NA,,,,NA,FALSE,906,375,FALSE,NA,FALSE,NA,es,FALSE,NA,97,NA,,NA,NA,,NA,NA,NA,NA,NA,NA,NA,NA,NA,NA
2022-12-28T13:18:10Z,1608089930298757e3,1608089930298757120,"Empezamos el recuento en lo deportivo 2022 âš½ï¸ğŸ«¶ . El primer tÃ­tuloğŸ†â­ï¸ vino de la Sub 13, el futuro del #IDV 1/6 ğŸ‘€ @IDV_Torneos https://t.co/C8uWdV6w3m","Empezamos el recuento en lo deportivo 2022 âš½ï¸ğŸ«¶ . El primer tÃ­tuloğŸ†â­ï¸ vino de la Sub 13, el futuro del #IDV 1/6 ğŸ‘€ @IDV_Torneos https://t.co/C8uWdV6w3m",FALSE,,"<a href=""http://twitter.com/download/iphone"" rel=""nofollow"">Twitter for iPhone</a>",NA,NA,NA,NA,NA,,,,NA,FALSE,9,63,FALSE,NA,FALSE,NA,es,FALSE,NA,125,NA,,NA,NA,,NA,NA,NA,NA,NA,NA,NA,NA,NA,NA
2022-12-27T23:12:16Z,1607877052233048e3,1607877052233048064,ğŸ‘Œâš½ï¸ğŸ‘€ https://t.co/DHqxkGlEGV,ğŸ‘Œâš½ï¸ğŸ‘€ https://t.co/DHqxkGlEGV,FALSE,,"<a href=""http://twitter.com/download/iphone"" rel=""nofollow"">Twitter for iPhone</a>",NA,NA,NA,NA,NA,,,,NA,TRUE,14,145,FALSE,NA,FALSE,NA,art,FALSE,NA,4,NA,,1607753300429922300,1607753300429922304,,NA,NA,NA,NA,NA,NA,NA,NA,NA,NA
2022-12-27T15:00:31Z,1607753299033219e3,1607753299033219075,"Culmina un aÃ±o maravilloso este 2022ğŸ‘ŠğŸ˜ para nosotros, fue mÃ¡gicoâœ¨. Y lo fuimos construyendo paso a paso. Desde las personasğŸ˜œ, a lo deportivoâš½ï¸ğŸƒğŸ¥‡. Te contamos como funciona Reinvented IDV ğŸ“ https://t.co/7pEmJ89P38","Culmina un aÃ±o maravilloso este 2022ğŸ‘ŠğŸ˜ para nosotros, fue mÃ¡gicoâœ¨. Y lo fuimos construyendo paso a paso. Desde las personasğŸ˜œ, a lo deportivoâš½ï¸ğŸƒğŸ¥‡. Te contamos como funciona Reinvented IDV ğŸ“ https://t.co/7pEmJ89P38",FALSE,,"<a href=""https://studio.twitter.com"" rel=""nofollow"">Twitter Media Studio</a>",NA,NA,NA,NA,NA,,,,NA,FALSE,69,347,FALSE,NA,FALSE,NA,es,FALSE,NA,188,NA,,NA,NA,,NA,NA,NA,NA,NA,NA,NA,NA,NA,NA
2022-12-25T05:00:21Z,1606877484858884e3,1606877484858884096,"Feliz Navidad ğŸ„ğŸ Frohe Weihnachten, God Jul, Bo Nadal, Maligayang Pasko, Bon Nadal, Meri Kurisumasu, Joyeux NoÃ«l, Buon Natale, Merry Christmas, Gabon Zoriontsuak, , Sretan BoÅ¾iÄ‡, CrÄƒciun fericit, Feliz Natal https://t.co/Q5zUtqYg7m","Feliz Navidad ğŸ„ğŸ Frohe Weihnachten, God Jul, Bo Nadal, Maligayang Pasko, Bon Nadal, Meri Kurisumasu, Joyeux NoÃ«l, Buon Natale, Merry Christmas, Gabon Zoriontsuak, , Sretan BoÅ¾iÄ‡, CrÄƒciun fericit, Feliz Natal https://t.co/Q5zUtqYg7m",FALSE,,"<a href=""http://twitter.com/download/iphone"" rel=""nofollow"">Twitter for iPhone</a>",NA,NA,NA,NA,NA,,,,NA,FALSE,4,104,FALSE,NA,FALSE,NA,und,FALSE,NA,207,NA,,NA,NA,,NA,NA,NA,NA,NA,NA,NA,NA,NA,NA
2022-12-24T20:48:13Z,1606753634594816e3,1606753634594816003,"Recuerda que siempre hay alguien que necesita tÃº sonrisa ğŸ˜€ para ser feliz ğŸ™ƒ 
SonrÃ­e que es Navidad ğŸ¤¶ ğŸ…ğŸ½ğŸ„ https://t.co/PhoNm3ksTy","Recuerda que siempre hay alguien que necesita tÃº sonrisa ğŸ˜€ para ser feliz ğŸ™ƒ 
SonrÃ­e que es Navidad ğŸ¤¶ ğŸ…ğŸ½ğŸ„ https://t.co/PhoNm3ksTy",FALSE,,"<a href=""http://twitter.com/download/iphone"" rel=""nofollow"">Twitter for iPhone</a>",NA,NA,NA,NA,NA,,,,NA,FALSE,5,74,FALSE,NA,FALSE,NA,es,FALSE,NA,104,NA,,NA,NA,,NA,NA,NA,NA,NA,NA,NA,NA,NA,NA
2022-12-24T15:35:34Z,1606674956028416e3,1606674956028416001,"Querido Santa : 
Este aÃ±o te pido un cuerpo delgado ğŸƒâ€â™‚ï¸, y una cantera gorda.
Si te confundes no estÃ¡ mal porque tuve un Delgado ğŸ˜œğŸ” en la Cantera ğŸ’ğŸ’ 
Gracias ğŸ™ğŸ» Felices fiestas https://t.co/Mk3VmqEq9v","Querido Santa : 
Este aÃ±o te pido un cuerpo delgado ğŸƒâ€â™‚ï¸, y una cantera gorda.
Si te confundes no estÃ¡ mal porque tuve un Delgado ğŸ˜œğŸ” en la Cantera ğŸ’ğŸ’ 
Gracias ğŸ™ğŸ» Felices fiestas https://t.co/Mk3VmqEq9v",FALSE,,"<a href=""http://twitter.com/download/iphone"" rel=""nofollow"">Twitter for iPhone</a>",NA,NA,NA,NA,NA,,,,NA,FALSE,9,137,FALSE,NA,FALSE,NA,es,FALSE,NA,177,NA,,NA,NA,,NA,NA,NA,NA,NA,NA,NA,NA,NA,NA
2022-12-23T20:24:21Z,1606385241035313200,1606385241035313164,ğŸ‘ğŸ«¶ğŸ¤ https://t.co/NMpbcpTdPn,ğŸ‘ğŸ«¶ğŸ¤ https://t.co/NMpbcpTdPn,FALSE,,"<a href=""http://twitter.com/download/iphone"" rel=""nofollow"">Twitter for iPhone</a>",NA,NA,NA,NA,NA,,,,NA,TRUE,2,27,FALSE,NA,FALSE,NA,art,FALSE,NA,3,NA,,1606383207733248e3,1606383207733248000,,NA,NA,NA,NA,NA,NA,NA,NA,NA,NA
2022-12-21T23:31:01Z,1605707440401662e3,1605707440401661952,Agendado ğŸ¤âœğŸ»ğŸ˜œ https://t.co/51756yZhNQ,Agendado ğŸ¤âœğŸ»ğŸ˜œ https://t.co/51756yZhNQ,FALSE,,"<a href=""http://twitter.com/download/iphone"" rel=""nofollow"">Twitter for iPhone</a>",NA,NA,NA,NA,NA,,,,NA,TRUE,12,111,FALSE,NA,FALSE,NA,pt,FALSE,NA,13,NA,,1605655058762371e3,1605655058762371085,,NA,NA,NA,NA,NA,NA,NA,NA,NA,NA
2022-12-21T16:30:15Z,1605601552613331e3,1605601552613330950,Gracias Marco por crecerğŸ«¶ con nosotros. LlegÃ³ el momento de probar nuevos retos y sabremos que lo harÃ¡s bien. A cuidarlo mucho  @fccincinnati ğŸ˜œğŸ¤ https://t.co/W3Dj12ElPk,Gracias Marco por crecerğŸ«¶ con nosotros. LlegÃ³ el momento de probar nuevos retos y sabremos que lo harÃ¡s bien. A cuidarlo mucho  @fccincinnati ğŸ˜œğŸ¤ https://t.co/W3Dj12ElPk,FALSE,,"<a href=""http://twitter.com/download/iphone"" rel=""nofollow"">Twitter for iPhone</a>",NA,NA,NA,NA,NA,,,,NA,FALSE,53,1031,FALSE,NA,FALSE,NA,es,FALSE,NA,144,NA,,NA,NA,,NA,NA,NA,NA,NA,NA,NA,NA,NA,NA
2022-12-20T19:10:32Z,1605279501272981500,1605279501272981504,"Gran jornada en el #IDV PÃ¡del Experience, gracias a @BancoGuayaquil nos abrimos a nuevas vivencias y deportes ğŸ¾ https://t.co/TQuuE52xw1","Gran jornada en el #IDV PÃ¡del Experience, gracias a @BancoGuayaquil nos abrimos a nuevas vivencias y deportes ğŸ¾ https://t.co/TQuuE52xw1",FALSE,,"<a href=""http://twitter.com/download/iphone"" rel=""nofollow"">Twitter for iPhone</a>",NA,NA,NA,NA,NA,,,,NA,FALSE,2,37,FALSE,NA,FALSE,NA,es,FALSE,NA,111,NA,,NA,NA,,NA,NA,NA,NA,NA,NA,NA,NA,NA,NA
2022-12-20T17:35:32Z,1605255595757543400,1605255595757543439,ğŸ¤” renovaciÃ³n a 9 sets @JuniorSornoza @SantiMoralesE confirmen que mi rey ğŸ‘‘ cual fue la apuesta ? ğŸ˜³ https://t.co/VjSEtQ79um https://t.co/pLKlMb1aRJ,ğŸ¤” renovaciÃ³n a 9 sets @JuniorSornoza @SantiMoralesE confirmen que mi rey ğŸ‘‘ cual fue la apuesta ? ğŸ˜³ https://t.co/VjSEtQ79um https://t.co/pLKlMb1aRJ,FALSE,,"<a href=""http://twitter.com/download/iphone"" rel=""nofollow"">Twitter for iPhone</a>",NA,NA,NA,NA,NA,,,,NA,FALSE,8,42,FALSE,NA,FALSE,NA,es,FALSE,NA,122,NA,,NA,NA,,NA,NA,NA,NA,NA,NA,NA,NA,NA,NA
2022-12-20T17:23:12Z,1605252490877980700,1605252490877980673,Que gran nivel se ve en este #IDV PÃ¡del Experience en el #EstadioBancoGuayaquil https://t.co/UjzFCciqfv,Que gran nivel se ve en este #IDV PÃ¡del Experience en el #EstadioBancoGuayaquil https://t.co/UjzFCciqfv,FALSE,,"<a href=""http://twitter.com/download/iphone"" rel=""nofollow"">Twitter for iPhone</a>",NA,NA,NA,NA,NA,,,,NA,FALSE,3,26,FALSE,NA,FALSE,NA,es,FALSE,NA,79,NA,,NA,NA,,NA,NA,NA,NA,NA,NA,NA,NA,NA,NA
2022-12-20T16:58:07Z,1605246178467188700,1605246178467188738,"#EstadioBancoGuayaquil ğŸ¾ğŸ‘Ÿ
ğŸ“¸@pressouthec https://t.co/NOM8X3p4y5","#EstadioBancoGuayaquil ğŸ¾ğŸ‘Ÿ
ğŸ“¸@pressouthec https://t.co/NOM8X3p4y5",FALSE,,"<a href=""http://twitter.com/download/iphone"" rel=""nofollow"">Twitter for iPhone</a>",NA,NA,NA,NA,NA,,,,NA,FALSE,5,30,FALSE,NA,FALSE,NA,und,FALSE,NA,39,NA,,NA,NA,,NA,NA,NA,NA,NA,NA,NA,NA,NA,NA
